Name,Symbol,Sector,Industry,Last
An Phat Plastic and Green,AAA,Materials,Chemicals,18.50K
Mekong Fisheries JSC,AAM,Consumer Staples,Food Products,10.80K
Viet Tien Son Real Estate,AAV,Real Estate,Real Estate Management & Development,16.00K
VMG Media,ABC,Technology,Computer Services,13.00K
Agriculture Bank Insurance,ABI,Financial,Insurance,59.00K
Viet Brand Invest,ABR,Services,Business Services,23.50K
Binhthuan Agriculture Services,ABS,Industrials,Trading Companies & Distributors,30.60K
Bentre Aquaproduct Import Export,ABT,Consumer/Non-Cyclical,Food Processing,28.40K
ACC-244,AC4,-,-,4.20K
ACB,ACB,Financial,Regional Banks,36.35K
Becamex Asphalt and Concrete JSC,ACC,Materials,Construction Materials,15.40K
An Giang Centrifugal Concrete JSC,ACE,Materials,Construction Materials,36.00K
Cuulong Fish JSC,ACL,Consumer Staples,Food Products,13.10K
A Cuong Mineral Group JSC,ACM,Materials,Metals & Mining,3.40K
Architects Construction,ACS,Industrials,Construction & Engineering,10.00K
Airports Corporation of Viet Nam,ACV,Industrials,Transportation Infrastructure,73.60K
ADC,ADC,Communication Services,Media,28.00K
Clever Group,ADG,Communication Services,Media,47.70K
A Dong Paint,ADP,Materials,Chemicals,28.20K
Damsan,ADS,Consumer Discretionary,"Textiles, Apparel & Luxury Goods",25.60K
Binh Duong Agriculture,AFC,-,-,10.00K
An Giang Agriculture and Foods,AFX,Consumer Staples,Food Products,13.60K
28.1 JSC,AG1,-,-,7.20K
Angiang Fisheries Import & Export,AGF,Consumer Staples,Food Products,2.91K
An Gia Real Estate Investment and Development,AGG,Real Estate,Real Estate Management & Development,50.30K
An Giang Import Export Co,AGM,Consumer Staples,Food Products,30.00K
Agimexpharm Pharma,AGP,Healthcare,Biotechnology & Drugs,18.80K
AgriBank Securities JSC,AGR,Financial,Capital Markets,14.20K
Sai Gon Export Foodstuffs,AGX,Consumer Staples,Food Products,32.00K
Tan Binh Culture Co.,ALT,Industrials,Industrial Conglomerates,12.90K
VAM,ALV,Materials,Metals & Mining,3.00K
Asia Mineral,AMC,Materials,Chemicals,20.30K
AMD Group Investment JSC,AMD,Industrials,Industrial Conglomerates,5.34K
Alphanam M&E,AME,Industrials,Construction & Engineering,8.80K
Armephaco,AMP,Healthcare,Health Care Equipment & Supplies,10.20K
AMECC Mechanical,AMS,Industrials,Construction & Engineering,11.10K
Amvibiotech,AMV,Healthcare,Health Care Equipment & Supplies,9.90K
An Giang Fruit-Vegetables,ANT,Consumer Staples,Food Products,10.10K
Nam Viet Corp,ANV,Consumer Staples,Food Products,32.35K
An Phu Irradiation JSC,APC,Industrials,Commercial Services & Supplies,23.10K
Quang Ngai Agricultural,APF,Consumer Staples,Food Products,53.40K
AnPhat Securities,APG,Financial,Capital Markets,10.95K
An Phat Holdings JSC,APH,Materials,Chemicals,59.60K
Apec Investmen,API,Real Estate,Real Estate Management & Development,21.40K
APP,APP,Energy,Oil & Gas Operations,7.50K
Apec Securitie,APS,Financial,Capital Markets,15.50K
Airimex JSC,ARM,Industrials,Trading Companies & Distributors,48.00K
Artex Securities,ART,Financial,Capital Markets,10.50K
WMT Sana Joint,ASA,Consumer Staples,Personal Products,1.50K
SongDa Hanoi,ASD,Industrials,Construction & Engineering,8.00K
ASG,ASG,Services,Business Services,38600
Sao Mai Group Corp,ASM,Real Estate,Real Estate Management & Development,13850
An Pha Petroleum Group JSC,ASP,Energy,"Oil, Gas & Consumable Fuels",7800
Taseco Air Services,AST,Consumer Discretionary,"Hotels, Restaurants & Leisure",50000
NTACO,ATA,Consumer Staples,Food Products,1800
An Thinh,ATB,,,1700
An Truong An,ATG,Materials,Metals & Mining,610
Atesco Industrial Cartering,ATS,Consumer Discretionary,"Hotels, Restaurants & Leisure",33600
A Vuong Hydropower,AVC,Utilities,Electric Utilities,27000
Anvifish JSC,AVF,Consumer Staples,Food Products,700
JSC No 482,B82,Capital Goods,Construction Services,1300
Bac A Commercial Joint Stock Bank,BAB,Financial,Banks,26000
Beer Alcohol Beverage,BAL,,,9400
Thong Nhat,BAX,Real Estate,Real Estate Management & Development,67500
Bibica Corp,BBC,Consumer Staples,Food Products,65300
But Son Cement Packing JSC,BBS,Materials,Containers & Packaging,11000
Bach Tuyet Cotton,BBT,Healthcare,Health Care Equipment & Supplies,23000
Bim Son Cement JSC,BCC,Materials,Construction Materials,11300
Binh Duong Construction Civil Eng,BCE,Industrials,Construction & Engineering,12550
Bich Chi Food Co,BCF,Consumer Staples,Food Products,43100
Bamboo Capital,BCG,Industrials,Industrial Conglomerates,12700
Investment and Industrial Development,BCM,Real Estate,Real Estate Management & Development,54600
Becamex Pharmaceutical JSC,BCP,Healthcare,Pharmaceuticals,12300
Bidibook,BDB,Consumer Discretionary,Distributors,10500
Binh Dinh Footwear,BDF,,,16000
Protrade Garment,BDG,Consumer Discretionary,"Textiles, Apparel & Luxury Goods",44300
Dongthap Building Materials,BDT,Capital Goods,Construction - Raw Materials,27000
Binh Dinh Water,BDW,Utilities,Water Utilities,16400
Danangbook,BED,Communication Services,Media,26100
Viettronics Bien,BEL,Information Technology,"Electronic Equipment, Instruments & Components",11000
Binh Dien Fertilizer JSC,BFC,Materials,Chemicals,28000
Bac Ha Hydropower,BHA,Utilities,Electric Utilities,10500
Bien Hoa Concrete,BHC,Materials,Construction Materials,2500
Hanoi Beer Alcohol,BHN,Consumer Staples,Beverages,65800
Ha Noi Hai Phong Beer,BHP,,,7300
Bach Dang TMC,BHT,Industrials,Construction & Engineering,9000
Viglacera Ba Hien,BHV,Materials,Construction Materials,3000
BIDV Insurance Corp,BIC,Financial,Insurance,22750
Bank for Investment and Development,BID,Financial,Banks,45550
Bao Thu Industrial Develop Invest,BII,Services,Real Estate Operations,7000
Bamcorp.,BKC,Materials,Metals & Mining,5600
BKG Viet Nam Investment JSC,BKG,Consumer Discretionary,Household Durables,11150
Bac Lieu Fis,BLF,Consumer Staples,Food Products,3400
Bao Long Insurance,BLI,Financial,Insurance,13400
Binh Dinh Minerals JSC,BMC,Materials,Metals & Mining,16000
Binh Thuan Environmental,BMD,,,7500
BaoMinh Insurance Corp,BMI,Financial,Insurance,37000
Becamex Mineral JSC,BMJ,Materials,Metals & Mining,13200
Binh Minh Plastics JSC,BMP,Industrials,Building Products,59500
Bao Minh Securities,BMS,Financial,Capital Markets,13100
Bao Ngoc Investment Production,BNA,Consumer Staples,Food Products,59000
Bim Son Packing JSC,BPC,Materials,Containers & Packaging,10000
Hanoi Quang Binh Beer,BQB,,,5100
Ben Thanh Rubber JSC,BRC,Industrials,Machinery,13650
Baria Rubber,BRR,Materials,Chemicals,13700
Ba Ria Urban,BRS,,,22300
BTSC,BSC,Real Estate,Real Estate Management & Development,15000
Sai Gon Dong Xuan Beer,BSD,,,36000
Saigon Passenger Transport JSC,BSG,Industrials,Road & Rail,10500
Sai Gon Ha Noi Beer,BSH,Consumer/Non-Cyclical,Beverages (Alcoholic),19500
BIDV Securities JSC,BSI,Financial,Investment Services,22700
Saigon-Songlam Beer,BSL,Consumer/Non-Cyclical,Beverages (Alcoholic),10700
Sai Gon Phu Tho Beer,BSP,Consumer/Non-Cyclical,Beverages (Alcoholic),17500
Sai Gon Quang Ngai Beer,BSQ,Consumer Staples,Beverages,24000
Binh Son Refining,BSR,Energy,"Oil, Gas & Consumable Fuels",20900
Bisathico,BST,Services,Printing & Publishing,18300
Central Plant Protection No1,BT1,,,17500
Beton 6,BT6,Materials,Construction Materials,2300
Ha Noi Thai Binh Beer,BTB,,,6400
Binh Trieu Construction,BTC,Materials,Metals & Mining,58000
Thuduc Centrifugal,BTD,,,35000
Binh Dinh Tunnel Brick,BTN,,,4400
Ba Ria Thermal Power JSC,BTP,Utilities,Electric Utilities,17700
But Son Cement JSC,BTS,Materials,Construction Materials,6900
Ben Thanh Trading Service JSC,BTT,Industrials,Trading Companies & Distributors,54000
Bentre Urban Project,BTU,Industrials,Construction & Engineering,13000
Ben Thanh Tourist,BTV,Consumer Discretionary,"Hotels, Restaurants & Leisure",26000
Ben Thanh Water,BTW,Utilities,Water Utilities,34200
Ba Ria Vung Tau Urban,BUD,,,16000
Bac Viet Steel,BVG,Materials,Metals & Mining,4900
BaoViet Holdings,BVH,Financial,Insurance (Life),58300
Vietnam Cotton JSC,BVN,Consumer Discretionary,"Textiles, Apparel & Luxury Goods",11300
Baoviet Securities Company,BVS,Financial,Capital Markets,30500
Bao Loc Supply Sewerage,BWA,Utilities,Water Utilities,9800
Binh Duong Water,BWE,Utilities,Water Utilities,35350
Baria Vungtau Water,BWS,Utilities,Water Utilities,35500
HCPC,BXH,Materials,Containers & Packaging,12000
Century 21,C21,Real Estate,Real Estate Management & Development,13700
Construction Investment Corp 3 2,C32,Capital Goods,Construction - Raw Materials,24900
Construction JSC 47,C47,Industrials,Construction & Engineering,11600
Cienco4 Group JSC,C4G,Industrials,Construction & Engineering,0
1369 Construction,C69,Industrials,Construction & Engineering,11100
No 471,C71,Industrials,Construction & Engineering,5900
Engineering Construction JSC No492,C92,Industrials,Construction & Engineering,4700
Cadovimex Seafood Import Export,CAD,Consumer Staples,Food Products,1400
Angiang Port,CAG,Industrials,Transportation Infrastructure,17400
Ha Long Canned Food JSC,CAN,Consumer Staples,Food Products,31900
Yen Bai Forest JSC,CAP,Consumer Staples,Food Products,58500
Ca Mau Seafood,CAT,Consumer Staples,Food Products,23000
Vietnam Electric Cable Corp,CAV,Basic Materials,Misc. Fabricated Products,59000
Cao Bang Sugar,CBS,,,11500
Construction 1,CC1,Industrials,Construction & Engineering,21700
Investment Construction 4,CC4,Industrials,Construction & Engineering,15100
CuChi Commercial and Industrial Dev,CCI,Industrials,Trading Companies & Distributors,16900
Cuu Long Petro Urban Development,CCL,Real Estate,Real Estate Management & Development,13050
Can Tho Mineral,CCM,Materials,Construction Materials,42000
Hai Phong Cua Cam,CCP,,,8000
CamRanh Port,CCR,Industrials,Transportation Infrastructure,26500
VCC Engineering,CCV,Industrials,Construction & Engineering,22000
Chuong Duong Corp,CDC,Industrials,Construction & Engineering,14100
Cau Duong,CDG,,,4200
Danang Port,CDN,Industrials,Transportation Infrastructure,27900
Consultancy Design Urban,CDO,Industrials,Construction & Engineering,900
Chemical Industry Eng,CEC,Industrials,Construction & Engineering,15000
CII Infrastructure,CEE,Industrials,Construction & Engineering,13950
Construction and Industry,CEG,,,7300
CENCON Vietnam,CEN,Financial,Capital Markets,10000
CEO Group JSC,CEO,Real Estate,Real Estate Management & Development,10300
Tech-Vina,CET,Materials,Chemicals,7000
Cafico Viet Nam,CFC,Consumer Staples,Food Products,9000
CanGio Pharmaceutical JSC,CGP,Healthcare,Health Care Providers & Services,12200
Vietnam Ceramic Glass,CGV,,,4200
Camha,CHC,,,2500
Central Hydropower JSC,CHP,Utilities,Independent Power and Renewable Electricity Producers,18800
Ho Chi Minh City Public,CHS,Industrials,Commercial Services & Supplies,10000
No5 Construction Invest,CI5,Capital Goods,Construction Services,5200
Cam Ranh Airport,CIA,Industrials,Transportation Infrastructure,13200
Const and Infra Dev,CID,Industrials,Construction & Engineering,7200
COMA 18 JSC,CIG,Real Estate,Real Estate Management & Development,6000
Ho Chi Minh City Infrastructure Inv,CII,Industrials,Transportation Infrastructure,19050
Construction Industrial Production,CIP,,,6400
Central Area Electrical Mechanical,CJC,Industrials,Electrical Equipment,22000
Dong Anh Licogi,CKD,Basic Materials,Iron & Steel,27900
Kien Giang Construction Investment Consultancy,CKG,Industrials,Construction & Engineering,16850
Hai Phong Machinery,CKH,,,3200
Cokyvina,CKV,Industrials,Electrical Equipment,13000
Cat Loi JSC,CLC,Consumer Staples,Tobacco,33000
Cotec Investment and Land House Development JSC,CLG,Capital Goods,Construction Services,770
La Hien Cement,CLH,Materials,Construction Materials,21400
Cat Lai Port JSC,CLL,Industrials,Transportation Infrastructure,30900
Vinacomin Coal Import,CLM,Industrials,Trading Companies & Distributors,27500
Cho Lon Water Supply JSC,CLW,Utilities,Water Utilities,32050
Cho Lon Investment,CLX,Industrials,Trading Companies & Distributors,17900
Construction&Mechanical JSC No 1.,CMC,Industrials,Machinery,5600
Cholimex Food,CMF,Consumer Staples,Food Products,132600
CMC Corp,CMG,Information Technology,IT Services,36900
CMISTONE Viet Nam,CMI,Energy,"Oil, Gas & Consumable Fuels",2000
Colusa Miliket,CMN,Consumer Staples,Food Products,63000
Vietnam Constr,CMS,Industrials,Professional Services,4800
Camau Trading JSC,CMV,Consumer Discretionary,Specialty Retail,13150
Ca Mau Water,CMW,Utilities,Water Utilities,15600
CaMau Frozen Seafood Processing,CMX,Consumer Staples,Food Products,15100
Traphaco High Tech JSC,CNC,Healthcare,Biotechnology & Drugs,26800
CNG Vietnam JSC,CNG,Energy,"Oil, Gas & Consumable Fuels",23600
Consultant and Inspection,CNN,Industrials,Construction & Engineering,23000
Construction and Materials,CNT,Materials,Construction Materials,9900
Materials Petroleum JSC,COM,Consumer Discretionary,Specialty Retail,45450
CPC,CPC,Materials,Chemicals,20100
Cailanport Invest,CPI,Transportation,Misc. Transportation,3500
VVMI Quantrieu Cement,CQT,,,7000
Create Capital Vietnam,CRC,Materials,Construction Materials,9990
Century Land,CRE,Real Estate,Real Estate Management & Development,44600
"Cotana., JSC",CSC,Industrials,Construction & Engineering,58300
Southern Rubber Industry JSC,CSM,Consumer Discretionary,Auto Components,17900
South Basic Chemicals JSC,CSV,Materials,Chemicals,29050
Project 3 Construction Investment,CT3,Industrials,Construction & Engineering,8800
JSCono6,CT6,Industrials,Construction & Engineering,3300
CTA,CTA,Materials,Construction Materials,500
Hai Duong Pump Manufacturing JSC,CTB,Industrials,Machinery,28500
Gialai Ctc,CTC,Services,Printing & Publishing,4200
Cotec Construction JSC,CTD,Industrials,Construction & Engineering,65400
City Auto,CTF,Consumer Discretionary,Specialty Retail,20800
Vietnam Joint Stock Commercial Bank,CTG,Financial,Regional Banks,53800
CuongThuan Idico Development Invest,CTI,Materials,Construction Materials,15650
Underground Works Construction JSC,CTN,Industrials,Construction & Engineering,2100
Thuong Phu JSC,CTP,Consumer Staples,Food Products,5100
Viettel Construction,CTR,Capital Goods,Construction Services,71900
Vietnam Bank For Industry,CTS,Financial,Capital Markets,23900
Vinacomin Machinery JSC,CTT,Industrials,Machinery,9700
Viet Nam Inves,CTX,Industrials,Construction & Engineering,8300
Electromechanics Materials,CVC,,,4400
"Vinam.,JSC",CVN,Industrials,Construction & Engineering,9200
CMC,CVT,Materials,Construction Materials,43000
Constrexim,CX8,Industrials,Construction & Engineering,8700
Chang Yih Ceramic,CYC,Industrials,Building Products,2800
Real Estate 11,D11,Real Estate,Real Estate Management & Development,25500
Industrial Urban Development JSC,D2D,Real Estate,Real Estate Management & Development,54700
Viglacera Dong,DAC,Materials,Construction Materials,7900
Deidco,DAD,Communication Services,Media,18400
Educational Book In Da Nang City,DAE,Communication Services,Media,20300
Dong A Plastic Group JSC,DAG,Industrials,Building Products,5990
Dong A Hotel Group,DAH,Consumer Discretionary,"Hotels, Restaurants & Leisure",12800
Dong A Packaging,DAP,Materials,Paper & Forest Products,37000
Dian Train,DAR,Industrials,Machinery,8600
Travel Investment and Seafood Devel,DAT,Consumer Staples,Food Products,23100
Dabaco,DBC,Consumer Staples,Food Products,63300
Binh Dinh Pharma,DBD,Healthcare,Pharmaceuticals,44450
Haiphong Overland,DBH,,,8300
Daklak Pharmaceutical Medical Equip,DBM,Services,Retail (Drugs),32100
Ben Tre Pharmaceutical JSC,DBT,Healthcare,Pharmaceuticals,14600
Development Investment 1,DC1,Capital Goods,Construction Services,17900
DIC No 2,DC2,Materials,Construction Materials,14700
DIC Holdings Construction JSC,DC4,Industrials,Construction & Engineering,14750
DIC Tourisrt Trade,DCD,Consumer Discretionary,"Hotels, Restaurants & Leisure",13600
Design and Construction No 1,DCF,Industrials,Construction & Engineering,8100
Cuu Long Pharmaceutical,DCL,Healthcare,Pharmaceuticals,47800
Petrovietnam Camau Fertilizer,DCM,Materials,Chemicals,20200
Dong Nai Roofsheet,DCT,Materials,Construction Materials,1200
Indochine Import Export,DDG,Utilities,Independent Power and Renewable Electricity Producers,36100
Haiphong Waterway,DDH,,,5300
DongDo Marine,DDM,Industrials,Marine,2200
Danang Pharmaceutical Medical Equip,DDN,Services,Retail (Drugs),15000
DAP VINACHEM JSC,DDV,Materials,Chemicals,14900
Dong Anh C&F,DFC,Materials,Metals & Mining,32200
Ducgiang Chemicals Detergent Powder,DGC,Basic Materials,Chemical Manufacturing,81000
Dona Transportation,DGT,Industrials,Construction & Engineering,22000
Digiworld,DGW,Services,Retail (Technology),125500
Hoa An JSC,DHA,Materials,Construction Materials,43600
Dong Hai JSC of Bentre,DHC,Materials,Paper & Forest Products,104000
Hai Duong Pharma,DHD,,,22500
DHG Pharmaceutical JSC,DHG,Healthcare,Pharmaceuticals,95600
Duong Hieu Trading and Mining,DHM,Materials,Metals & Mining,10450
Hanoi Pharma,DHN,Healthcare,Pharmaceuticals,26400
Hai Phong Elec,DHP,Consumer Discretionary,Household Durables,10800
Hataphar,DHT,Healthcare,Pharmaceuticals,48400
DIC Investment and Trading JSC,DIC,Materials,Construction Materials,980
DIC DONG TIEN,DID,Materials,Construction Materials,5000
Development Investment Construction,DIG,Industrials,Construction & Engineering,25600
DIC HOI AN,DIH,Industrials,Construction & Engineering,23500
DLGL INDPS,DL1,Industrials,Road & Rail,10100
Duc Long Gia Lai Group JSC,DLG,Industrials,Industrial Conglomerates,3580
DaLat Real Estate,DLR,Real Estate,Real Estate Management & Development,10500
DOMESCO Medical Import Export,DMC,Healthcare,Pharmaceuticals,52300
An Giang Power,DNA,Utilities,Electric Utilities,22000
HEWMAC,DNC,Utilities,Electric Utilities,50000
Dong Nai Material,DND,Materials,Construction Materials,28500
Danang Urban,DNE,,,14500
Da Nhim Ham Thuan Da Mi Hydro,DNH,Utilities,Independent Power and Renewable Electricity Producers,38500
Da Nang Logistics JSC,DNL,Industrials,Air Freight & Logistics,21200
DANAMECO MEDIC,DNM,Healthcare,Health Care Equipment & Supplies,38300
Dong Nai Plastic Construction JSC,DNP,Materials,Chemicals,21600
Quang Nam Da Nang,DNR,,,12000
Da Nang Steel JSC,DNS,Materials,Metals & Mining,24000
Dong Nai Water,DNW,Utilities,Water Utilities,21300
DNY,DNY,Materials,Metals & Mining,1800
Dong Nai,DOC,Consumer Discretionary,Distributors,11900
Central Pharma CPC1,DP1,Healthcare,Biotechnology & Drugs,29200
Central Pharma No2,DP2,Healthcare,Biotechnology & Drugs,7400
Central Pharmaceutical JSC No3,DP3,Healthcare,Pharmaceuticals,115500
Da Nang Plastic JSC,DPC,Industrials,Building Products,19100
Dat Phuong,DPG,Industrials,Construction & Engineering,45000
Hai Phong Pharma,DPH,,,36500
PetroVietnam Fertilizer Chemical,DPM,Materials,Chemicals,22700
Dongnai Pharma,DPP,Healthcare,Pharmaceuticals,17500
Dong Phu Rubber JSC,DPR,Materials,Chemicals,62000
Soc Son Development Invest,DPS,Industrials,Trading Companies & Distributors,300
Dien Quang JSC,DQC,Industrials,Electrical Equipment,21000
Danang Rubber JSC,DRC,Consumer Discretionary,Auto Components,29800
Dream House Investment Corp,DRH,Real Estate,Real Estate Management & Development,10850
Daklak Rubber,DRI,Basic Materials,Fabricated Plastic & Rubber,11400
Hydro Power No3,DRL,Utilities,Independent Power and Renewable Electricity Producers,58300
Riverway Management 3,DS3,Industrials,Marine,6300
Da Nang Securities,DSC,Financial,Capital Markets,13000
Dam Sen Water Park Corp,DSN,Consumer Discretionary,"Hotels, Restaurants & Leisure",42500
Nam Dinh Educational Book&Equipment,DST,Communication Services,Media,4500
Vinh Phu Railway,DSV,,,9000
De Tam JSC,DTA,Real Estate,Real Estate Management & Development,9970
Viglacera Dong Trieu JSC,DTC,Materials,Construction Materials,12200
Thanh Dat Invest,DTD,Capital Goods,Construction Services,33300
Tipharco Pharma,DTG,Healthcare,Pharmaceuticals,10800
Duc Trung Invest,DTI,Consumer Discretionary,"Hotels, Restaurants & Leisure",8500
Vinacomin Power,DTK,Utilities,Independent Power and Renewable Electricity Producers,11400
Dai Thien Loc Corp,DTL,Materials,Metals & Mining,34200
Do Thanh Tech,DTT,Materials,Chemicals,14400
Tra Vinh Rural Electric,DTV,Industrials,Construction & Engineering,42800
Hai Phong Port Trading,DVC,Energy,"Oil, Gas & Consumable Fuels",10200
Vietnam Pharma,DVN,Healthcare,Pharmaceuticals,19400
Dinhvu Port Investment Development,DVP,Industrials,Transportation Infrastructure,51300
Dat Xanh Real Estate Service Contr,DXG,Real Estate,Real Estate Management & Development,24150
Lang Son Tourism and Import Export,DXL,Industrials,Industrial Conglomerates,4300
Doan Xa Port JSC,DXP,Industrials,Transportation Infrastructure,15800
Da Nang Construction Building Mater,DXV,Materials,Construction Materials,4550
DZIMA,DZM,Industrials,Electrical Equipment,5400
Daklak Power Hydroelectric,EAD,,,21000
Educational Book JSC,EBS,Communication Services,Media,9200
"ECICO.,JSC",ECI,Communication Services,Media,38700
EFI,EFI,Industrials,Professional Services,2800
Vietnam Export Import Commercial,EIB,Financial,Banks,29250
EVN Intl,EIC,Utilities,Independent Power and Renewable Electricity Producers,14000
HEID,EID,Communication Services,Media,16000
Power Investment Trade,EIN,Consumer Discretionary,"Hotels, Restaurants & Leisure",16400
Electronics Communications Tech,ELC,Information Technology,IT Services,15900
ThuDuc Electro Mechanical JSC,EMC,Industrials,Electrical Equipment,17000
Electro Mechanical,EME,Industrials,Electrical Equipment,51000
Electrical Mechanical Equipment,EMG,Industrials,Machinery,15500
VN Post Express,EMS,Industrials,Air Freight & Logistics,37000
Everpia Vietnam JSC,EVE,Consumer Discretionary,Household Durables,13800
EVN Finance,EVF,Financial,Diversified Financial Services,12700
Everland Investment,EVG,Industrials,Industrial Conglomerates,12400
Everest Securities,EVS,Financial,Capital Markets,31500
FBA International Group Corp,FBA,Consumer Discretionary,Household Durables,900
Fecon Mining JSC,FCM,Materials,Construction Materials,6700
Fecon Foundation Engineering,FCN,Industrials,Construction & Engineering,12350
Foreign Trade Development Invest,FDC,Real Estate,Real Estate Management & Development,13300
Dongthap Trading,FDG,Industrials,Trading Companies & Distributors,800
FIDITOUR JSC,FDT,Consumer Discretionary,"Hotels, Restaurants & Leisure",38800
Vietnam Enterprise Investment Dev,FID,Industrials,Trading Companies & Distributors,3900
FIRST REAL,FIR,Real Estate,Real Estate Management & Development,34150
FIT INVEST JSC,FIT,Financial,Capital Markets,15800
FLC Group JSC,FLC,Real Estate,Real Estate Management & Development,13950
Sao Ta Foods JSC,FMC,Consumer Staples,Food Products,36800
FPT Telecom,FOX,Communication Services,Diversified Telecommunication Services,93900
FPT Corp,FPT,Information Technology,IT Services,85200
FPT Digital,FRT,Consumer Discretionary,Specialty Retail,26900
Machinery Spare,FT1,,,50600
Friendship Trading-Industrial,FTI,Consumer Discretionary,Leisure Products,3500
Duc Quan Invest,FTM,Consumer Discretionary,"Textiles, Apparel & Luxury Goods",3100
FPT Securities,FTS,Financial,Capital Markets,37200
Techcom Vietnam REIT,FUCVREIT,Real Estate,Equity Real Estate Investment Trusts (REITs),11500
G.Home Textile,G20,Consumer Discretionary,"Textiles, Apparel & Luxury Goods",800
36 Corp,G36,Industrials,Construction & Engineering,10400
Petrovietnam Gas JSCrp,GAS,Utilities,Gas Utilities,98000
Duc Thanh Wood Processing,GDT,Consumer Cyclical,Furniture & Fixtures,56600
Gia Lai Electricity,GEG,Utilities,Electric Utilities,17300
Viet Nam Electrical,GEX,Industrials,Electrical Equipment,21450
GiaiPhong Motor,GGG,Consumer Discretionary,Automobiles,1600
Gia Lai Hydropower JSC,GHC,Utilities,Independent Power and Renewable Electricity Producers,29700
Green Development and Investment Service JSC,GIC,Transportation,Misc. Transportation,18900
Binh Thanh Import Export Production,GIL,Consumer Discretionary,"Textiles, Apparel & Luxury Goods",58200
Khang Minh Brick,GKM,Materials,Construction Materials,14200
GLT CORP,GLT,Industrials,Trading Companies & Distributors,28500
Viet Nam Enteco,GMA,Industrials,Trading Companies & Distributors,55000
Saigon Garment Manufacturing Trade,GMC,Consumer Discretionary,"Textiles, Apparel & Luxury Goods",32700
Gemadept Corp,GMD,Industrials,Transportation Infrastructure,42650
MY XUAN BRICK,GMX,Materials,Construction Materials,38000
Dong Nai Brick and Tile,GND,Materials,Construction Materials,30800
Huong Son Hydro Power JSC,GSM,Utilities,Electric Utilities,11600
International Gas Product Shipping,GSP,Energy,"Oil, Gas & Consumable Fuels",12000
Thuan An Wood Processing,GTA,Materials,Paper & Forest Products,14850
Thua Thien Hue Construct,GTH,Industrials,Construction & Engineering,5400
Thong Nhat Production and Investmen,GTN,Consumer Staples,Food Products,18650
Saigon Traffic Construction,GTS,Industrials,Construction & Engineering,9600
Thuan Thao Corp,GTT,Industrials,Road & Rail,600
Vietnam Rubber,GVR,Materials,Chemicals,34800
Viet Tri Paper,GVT,Materials,Paper & Forest Products,75200
Hud101 Construction,H11,Industrials,Construction & Engineering,5800
Hanoi School Books,HAB,Communication Services,Media,76000
Hai Phong Securities JSC,HAC,Financial,Capital Markets,9200
HAD,HAD,Consumer Staples,Beverages,18300
Hanoi Foodstuff,HAF,Consumer/Non-Cyclical,Food Processing,15700
Hoang Anh Gia Lai JSC,HAG,Consumer Staples,Food Products,6000
Hai An Transport and Stevedoring,HAH,Industrials,Transportation Infrastructure,30950
HAI Agrochem JSC,HAI,Materials,Chemicals,4400
Hau Giang Materials,HAM,,,24000
Hanoi Construction,HAN,Industrials,Construction & Engineering,12900
Hapaco Group JSC,HAP,Materials,Paper & Forest Products,13600
An Duong Thao Dien Real estate Trad,HAR,Real Estate,Real Estate Management & Development,5450
Hacisco JSC,HAS,Industrials,Construction & Engineering,13000
HABECO TRADING,HAT,Consumer Discretionary,Distributors,21000
Hapro Vodka,HAV,,,4100
Hang Xanh Motors Service JSC,HAX,Consumer Discretionary,Specialty Retail,24350
Hoa Binh Construction & Real Estate,HBC,Industrials,Construction & Engineering,15850
Binh Duong PP Pack,HBD,Materials,Containers & Packaging,17300
HTBEECO,HBE,Communication Services,Media,7300
Habeco Hai Phong,HBH,,,5700
HBS,HBS,Financial,Capital Markets,9200
Hoa Binh Clear Water,HBW,Utilities,Water Utilities,7100
Haiphong Construction 3,HC3,Capital Goods,Construction Services,29000
Hoa Cam Concrete JSC,HCC,Materials,Construction Materials,10400
Hcd Investment Producing,HCD,Industrials,Industrial Conglomerates,5060
Hanoi Construction Invest,HCI,Capital Goods,Construction Services,19200
Ho Chi Minh City Securities Corp,HCM,Financial,Investment Services,48350
Hanoi Railway Signal,HCS,Capital Goods,Construction Services,14300
Haiphong Cement Transport JSC,HCT,Industrials,Road & Rail,13400
Housing Development Investment HUD2 JSC,HD2,,,7800
HSDA,HDA,Materials,Chemicals,10600
Ho Chi Minh City Develop,HDB,Financial,Banks,35300
Ba Ria Vung Tau House Development,HDC,Real Estate,Real Estate Management & Development,64800
Ha Do Group JSC,HDG,Industrials,Construction & Engineering,42950
Hue Textile Garment JSC,HDM,Consumer Discretionary,"Textiles, Apparel & Luxury Goods",17000
Hung Dao Container,HDO,Industrials,Machinery,800
Hatinh Pharmaceutical,HDP,Healthcare,Biotechnology & Drugs,11900
Hai Duong Water,HDW,Utilities,Water Utilities,15600
Hydraulic Engineering II,HEC,,,68900
Vietnam Hydraulic,HEJ,,,23000
Hanoi Electromechanical,HEM,Industrials,Electrical Equipment,14200
Hanoi Entertainment Services,HES,,,20000
Higher Educational&Vocational Book,HEV,Communication Services,Media,13700
Hanoi Fuel,HFC,Services,Retail (Specialty),14400
HFT Securities,HFT,Financial,Capital Markets,11000
HGM,HGM,Materials,Metals & Mining,33000
Hong Ha Stationery JSC,HHA,Consumer/Non-Cyclical,Office Supplies,71100
Hai Ha Confectionery JSC,HHC,Consumer Staples,Food Products,91700
HOANG HA JSC,HHG,Industrials,Road & Rail,4200
Hai Phong Hoang Ha Paper,HHP,Materials,Paper & Forest Products,11750
Hoang Huy Investment Services,HHS,Industrials,Machinery,7050
Hai Van Tunnel Management Operation,HHV,Industrials,Construction & Engineering,16700
Ha Long Investment,HID,Industrials,Industrial Conglomerates,5610
HIPT Group JSC,HIG,Technology,Software & Programming,9500
An Phat Yen Bai Mineral Plastic,HII,Materials,Chemicals,21800
Ho Nai Industrial Zone,HIZ,Industrials,Construction & Engineering,65800
Hoa Viet,HJC,Consumer/Non-Cyclical,Tobacco,4000
Nam Mu Hydropower JSC,HJS,Utilities,Independent Power and Renewable Electricity Producers,32000
Ha Noi Kinh Bac Agriculture Food,HKB,Consumer Staples,Food Products,800
Ha Tien Packaging,HKP,Materials,Containers & Packaging,21000
Hiep Khanh Tea,HKT,Consumer Staples,Food Products,6400
Huu Lien Asia Corp,HLA,Materials,Metals & Mining,800
Halong Beer Beverage,HLB,Consumer Staples,Beverages,165000
VHLC,HLC,Energy,"Oil, Gas & Consumable Fuels",9200
HUDLAND Real Estate,HLD,Real Estate,Real Estate Management & Development,34400
HOANG LONG Group,HLG,Consumer Staples,Food Products,6600
Halang Railway,HLR,,,6000
Viglacera HaLong I JSC,HLY,Materials,Construction Materials,17000
Hochiminh City Metal Corp,HMC,Materials,Metals & Mining,24550
Vnsteel Hanoi Steel,HMG,Financial,Capital Markets,8400
HAMI CORP,HMH,Industrials,Road & Rail,13500
Hochiminh Museum,HMS,Consumer Discretionary,Household Durables,22000
Hua Na Hydropower,HNA,Utilities,Electric Utilities,12000
Ha Noi Transport Station,HNB,Transportation,Misc. Transportation,9100
Hai Phong Thermal Power,HND,Utilities,Electric Utilities,18800
HuuNghi Food JSC,HNF,Consumer Staples,Food Products,19200
Hoang Anh Gia Lai Agricultural JSC,HNG,Consumer Staples,Food Products,11050
Huunghi Garment,HNI,Consumer Cyclical,Apparel/Accessories,44200
Hanoimilk JSC,HNM,Consumer Staples,Food Products,4500
Hanel Plastics,HNP,Materials,Chemicals,19900
Ha Noi Tram,HNT,,,3000
HOM,HOM,Materials,Construction Materials,5200
Hoi An Tourist,HOT,Consumer Discretionary,"Hotels, Restaurants & Leisure",35000
PP Pack Making,HPB,Materials,Containers & Packaging,17000
Dak Doa Hydropower JSC,HPD,Utilities,Independent Power and Renewable Electricity Producers,18000
Hoa Phat Group JSC,HPG,Materials,Metals & Mining,50600
Hiep Phuoc Industrial,HPI,Real Estate,Real Estate Management & Development,23000
HOANG PHUC Mineral,HPM,Industrials,Trading Companies & Distributors,11700
Hai Phong Paint JSC,HPP,Materials,Chemicals,69000
HPT Vietnam,HPT,Information Technology,IT Services,11200
Hai Phong Water,HPW,Utilities,Water Utilities,15100
Hai Phat Invest,HPX,Real Estate,Real Estate Management & Development,34700
Hoang Quan Consulting Trading Serv,HQC,Real Estate,Real Estate Management & Development,3910
Harec Invest,HRB,Services,Real Estate Operations,23000
Hoa Binh Rubber JSC,HRC,Materials,Chemicals,63100
Hanoi Railway Transport,HRT,Transportation,Misc. Transportation,4300
Hestia,HSA,Services,Business Services,74000
Hoasen Group,HSG,Materials,Metals & Mining,41300
General Materials Biochemistry Fert,HSI,Materials,Chemicals,2200
Hong Ha Son Agricutural,HSL,Consumer Staples,Food Products,6410
HST,HST,Communication Services,Media,6350
Ha Tien 1 Cement JSC,HT1,Materials,Construction Materials,16300
HOTRACO,HTC,Energy,"Oil, Gas & Consumable Fuels",32400
Ho Chi Minh City Electric Power,HTE,Industrials,Construction & Engineering,5500
Hoa Tho Textile,HTG,Consumer Cyclical,Apparel/Accessories,19600
Idico Infrastructure Development,HTI,Industrials,Construction & Engineering,17850
Truong Long Engineering and Auto,HTL,Consumer Discretionary,Specialty Retail,18300
Hanoi Trade,HTM,Industrials,Industrial Conglomerates,15300
Hung Thinh Incons,HTN,Real Estate,Real Estate Management & Development,38000
Hoaphat Textbook Printing JSC,HTP,Industrials,Commercial Services & Supplies,23200
Ha Thai Railway,HTR,,,9300
Ha Tay Trading,HTT,Real Estate,Real Estate Management & Development,690
Ha Tien Transport JSC,HTV,Industrials,Air Freight & Logistics,14150
HUD1 Investment and Construction,HU1,Industrials,Construction & Engineering,9350
HUD3 Investment and Construction,HU3,Industrials,Construction & Engineering,8300
HUD4 Investment,HU4,Real Estate,Real Estate Management & Development,16700
HUD6 City and Housing,HU6,Real Estate,Real Estate Management & Development,6700
Thua Thien Hue,HUB,Industrials,Construction & Engineering,23800
Hung Yen Garment,HUG,Consumer Discretionary,"Textiles, Apparel & Luxury Goods",37500
HUD - TASCO,HUT,Industrials,Construction & Engineering,8300
Hung Viet Green Agriculture JSC,HVA,Consumer Staples,Food Products,800
Hung Vuong Corp,HVG,Consumer Staples,Food Products,5400
HVC Invest,HVH,Industrials,Construction & Engineering,10850
Vietnam Airlines,HVN,Industrials,Airlines,27250
VICCO,HVT,Materials,Chemicals,35200
Vicem Hai Van Cement JSC,HVX,Materials,Construction Materials,5050
Apax,IBC,Consumer Discretionary,Diversified Consumer Services,22000
Industrial Construction,ICC,Industrials,Construction & Engineering,37200
Invest Commerce Fisheries,ICF,Consumer Staples,Food Products,1000
INCOMEX,ICG,Industrials,Construction & Engineering,8000
Industrial Construction,ICI,Industrials,Construction & Engineering,4300
IDICO,ICN,Capital Goods,Construction Services,69700
JSC for Telecoms and Informatics,ICT,Industrials,Construction & Engineering,19300
Idico Corporation JSC,IDC,Industrials,Construction & Engineering,36400
International Development & Investm,IDI,Consumer Staples,Food Products,6700
IDJ FINANCIAL,IDJ,Financial,Capital Markets,15000
VPID,IDV,Real Estate,Real Estate Management & Development,67700
Saigon Industrial Foodstuffs,IFC,Consumer Staples,Food & Staples Retailing,7500
Interfood Shareholding,IFS,Consumer Staples,Food Products,21800
Aviation Printing,IHK,Industrials,Commercial Services & Supplies,13600
Becamex Infrastructure Development,IJC,Industrials,Construction & Engineering,32650
TRT,ILA,Financial,Diversified Financial Services,6300
ICD Tan Cang Long Binh,ILB,Industrials,Commercial Services & Supplies,24800
Invest Trade,ILS,Industrials,Industrial Conglomerates,19500
Mechanical and Industrial,IME,Industrials,Machinery,40000
Imexpharm Corp,IMP,Healthcare,Pharmaceuticals,80500
No 4 Printing JSC,IN4,Industrials,Commercial Services & Supplies,100000
IDICO INCON,INC,Industrials,Construction & Engineering,10800
APP PRINT JSC,INN,Industrials,Commercial Services & Supplies,30500
Ipa Investments,IPA,Consumer/Non-Cyclical,Personal & Household Prods.,41800
Idico Srok Phu Mieng Hydropower,ISH,Utilities,Independent Power and Renewable Electricity Producers,17000
Tan Cang Song,IST,Transportation,Misc. Transportation,33500
Tan Tao Investment and Industry,ITA,Industrials,Construction & Engineering,7550
Investment Trading of Real Estate,ITC,Real Estate,Real Estate Management & Development,14750
Innovative Technology Development,ITD,Industrials,Commercial Services & Supplies,13100
THIEN QUANG GR,ITQ,Materials,Metals & Mining,5100
"TKV Investment, Trading Services",ITS,Capital Goods,Misc. Capital Goods,4400
VNS SECURITY,IVS,Financial,Diversified Financial Services,10300
J&V Medical Instrument JSC,JVC,Healthcare,Health Care Providers & Services,4380
Khang An Investment Real Estate,KAC,Real Estate,Real Estate Management & Development,14700
Kinh Bac City Development Share,KBC,Real Estate,Real Estate Management & Development,39000
Cao Bang Mineral and Metallurgical,KCB,Materials,Metals & Mining,9600
Khanh Hoa Power Centrifugal,KCE,Materials,Construction Materials,13800
Kinh Do Corp,KDC,Consumer Staples,Food Products,60500
Kido Frozen Foods,KDF,Consumer Staples,Food Products,46800
Khang Dien House Trading Invest,KDH,Real Estate,Real Estate Management & Development,37100
Long Thanhnstruction and Trading,KDM,Industrials,Trading Companies & Distributors,7300
Kiengiang Urban,KGU,,,15900
Khanh Hoi Invest,KHA,Real Estate,Real Estate Management & Development,29000
"HBM.,JSC",KHB,Materials,Metals & Mining,1000
Hai Duong Mineral,KHD,Materials,Construction Materials,9900
Hung Long Mineral,KHL,Materials,Construction Materials,1100
Khanh Hoa Power JSC,KHP,Utilities,Electric Utilities,6670
Kien Hung,KHS,Consumer Staples,Food Products,15500
Electrical Devices No1,KIP,Industrials,Electrical Equipment,11000
PTRAMESCO,KKC,Materials,Metals & Mining,23100
Kien Long Commercial,KLB,Financial,Banks,26100
FLC Global JSC,KLF,Consumer Discretionary,"Hotels, Restaurants & Leisure",5200
Mirae JSC,KMR,Consumer Discretionary,"Textiles, Apparel & Luxury Goods",9200
CEVIMETAL,KMT,Industrials,Trading Companies & Distributors,8200
Kosy,KOS,Capital Goods,Construction Services,28750
KPF Consultant International Project,KPF,Materials,Construction Materials,10600
Binh Duong Mineral and Construction,KSB,Materials,Metals & Mining,29700
KSD,KSD,Materials,Construction Materials,4100
Damac,KSH,Materials,Metals & Mining,400
Mineral Ferrous Metallergy JSC,KSK,Materials,Metals & Mining,200
QUANG ANH MINE,KSQ,Real Estate,Real Estate Management & Development,3700
KASATI,KST,Information Technology,Communications Equipment,24000
Vinacomin Minerals,KSV,Basic Materials,Metal Mining,34000
Tay Bac Minerals Investment JSC,KTB,Materials,Metals & Mining,1900
Thang Long Metal Wares,KTL,Consumer Discretionary,Household Durables,23500
KTS,KTS,Consumer Staples,Food Products,14500
KTT,KTT,Industrials,Construction & Engineering,8000
Kim Vi Inox Import Export,KVC,Materials,Metals & Mining,3700
Lilama 10 JSC,L10,Industrials,Construction & Engineering,17900
Licogi 12,L12,,,4700
LICOGI 14,L14,Industrials,Construction & Engineering,75200
LICOGI - 18,L18,Industrials,Construction & Engineering,17400
LILAMA.EMC,L35,Industrials,Construction & Engineering,5700
LILAMA 45.3 JS,L43,Industrials,Construction & Engineering,5300
Lilama 45.4,L44,Industrials,Construction & Engineering,800
Lilama 45.1,L45,,,4000
LILAMA 69-1,L61,Industrials,Construction & Engineering,7200
LILAMA 69-2 CO,L62,Industrials,Construction & Engineering,6300
Lilama 69-3,L63,Industrials,Machinery,6900
Long An Food Processing Export JSC,LAF,Consumer Staples,Food Products,16900
Idico-Longan Invest,LAI,,,24300
LAM THAO FERTI,LAS,Materials,Chemicals,13400
Long An Water,LAW,Utilities,Water Utilities,13600
Long Bien,LBC,,,12500
LABECO,LBE,Communication Services,Media,22700
Lam Dong Mineral and Building Mater,LBM,Materials,Construction Materials,58700
Lang Son Cement,LCC,Materials,Construction Materials,3100
LILAMA TESTING,LCD,Industrials,Construction & Engineering,6800
Licogi 16 JSC,LCG,Industrials,Construction & Engineering,13150
Lao Cai Mineral Exploitation,LCM,Materials,Metals & Mining,2580
LICOGI 16.6 JS,LCS,Industrials,Construction & Engineering,3600
LDG Investment,LDG,Real Estate,Real Estate Management & Development,7270
LADOPHAR,LDP,Healthcare,Pharmaceuticals,13700
Central Power Real Estate,LEC,Real Estate,Real Estate Management & Development,12000
CII Bridges and Roads Investment,LGC,Industrials,Transportation Infrastructure,55800
Long Giang Investment and Urban Dev,LGL,Industrials,Construction & Engineering,6800
LHC,LHC,Industrials,Construction & Engineering,80500
Long Hau Corp,LHG,Real Estate,Real Estate Management & Development,42150
Licogi,LIC,Industrials,Construction & Engineering,7200
LICOGI 13,LIG,Industrials,Construction & Engineering,6700
Lix Detergent JSC,LIX,Consumer Staples,Household Products,56500
Long Khanh Water Supply,LKW,Utilities,Water Utilities,34000
Vietnam Machinery Installation,LLM,Industrials,Construction & Engineering,14000
Lilama 3,LM3,Industrials,Construction & Engineering,1200
LILAMA 7,LM7,Industrials,Construction & Engineering,4500
Lilama 18 JSC,LM8,Industrials,Construction & Engineering,10800
Latca Mineral,LMC,Industrials,Construction & Engineering,10000
LANDMARK HOLDING,LMH,Materials,Chemicals,730
Idico Machinery Erection,LMI,,,5500
Lilama 5 JSC,LO5,Capital Goods,Construction Services,1700
Lien Viet Post,LPB,Financial,Banks,29450
Lam Son Sugar JSC,LSS,Consumer Staples,Food Products,11250
Low Current - Telecom JSC,LTC,Information Technology,Communications Equipment,2800
Loc Troi,LTG,Materials,Chemicals,38900
LUTACO,LUT,Industrials,Construction & Engineering,4900
Garment 10,M10,Consumer Cyclical,Apparel/Accessories,19700
MASERCO,MAC,Industrials,Transportation Infrastructure,5900
Danang Airport Services JSC,MAS,Industrials,Transportation Infrastructure,36600
Military Commercial Bank,MBB,Financial,Banks,42100
Viet Nam Trading Construction Devel,MBG,Industrials,Construction & Engineering,7300
MB Securities,MBS,Financial,Capital Markets,30900
M & C,MCC,Materials,Construction Materials,13700
MECOFOOD,MCF,Consumer Staples,Food Products,9300
Vietnam Mechanization Electrificat,MCG,Industrials,Construction & Engineering,3130
Masan Consumer,MCH,Consumer Staples,Food Products,113100
Investment And Construction JSC No1,MCO,Industrials,Construction & Engineering,3600
My Chau Printing & Packaging Holdin,MCP,Materials,Containers & Packaging,23800
VMDC,MDC,Energy,"Oil, Gas & Consumable Fuels",8500
MDF VRG Quang Tri Wood,MDF,Materials,Paper & Forest Products,12700
Mien Dong JSC,MDG,Industrials,Construction & Engineering,11700
Song Da Mechanical Assembling JSC,MEC,Industrials,Construction & Engineering,500
Mediplantex National Pharmaceutical JSC,MED,Healthcare,Pharmaceuticals,38000
Meinfa,MEF,Healthcare,Health Care Equipment & Supplies,1600
Me Lin Steel,MEL,Materials,Metals & Mining,15000
Vinacomin Mining Geo,MGC,Energy,"Oil, Gas & Consumable Fuels",6300
Duc Giang,MGG,Consumer Discretionary,"Textiles, Apparel & Luxury Goods",39900
Binh Long Rubber Industrial,MH3,Capital Goods,Construction Services,59000
MHC JSC,MHC,Industrials,Marine,13500
Minh Huu Lien,MHL,Materials,Metals & Mining,5600
Quang Nam Mineral Industry,MIC,Materials,Metals & Mining,7000
Military Insurance,MIG,Financial,Insurance (Prop. & Casualty),20300
MIMECO JSC,MIM,Materials,Metals & Mining,6900
Mekophar Chemical,MKP,Healthcare,Pharmaceuticals,39800
MEKOVET,MKV,Healthcare,Major Drugs,33000
Mitraco Livestock,MLS,Consumer Staples,Food Products,40900
Nam Dinh Environment,MND,,,10000
Minh Phu Seafood,MPC,Consumer Staples,Food Products,39000
Truong Tien Group JSC,MPT,Consumer Discretionary,"Textiles, Apparel & Luxury Goods",2300
Quang Ngai Urban,MQN,Industrials,Commercial Services & Supplies,36700
Merufa,MRF,Consumer Staples,Personal Products,52000
Vietnam Maritime Commercial Joint Stock Bank,MSB,Financial,Banks,28350
Phunhuan Service,MSC,Consumer Staples,Food Products,15100
Song Hong Garment,MSH,Consumer Discretionary,"Textiles, Apparel & Luxury Goods",64000
Masan Group Corp,MSN,Consumer/Non-Cyclical,Food Processing,106400
Masan Resources,MSR,Basic Materials,Metal Mining,20900
1168 Construction JSC,MST,Industrials,Construction & Engineering,14100
Hatinh Minerals Trading,MTA,Materials,Metals & Mining,7100
MT Gas JSC,MTG,Energy,"Oil, Gas & Consumable Fuels",4300
Ha Dong Environment Public Service,MTH,Industrials,Commercial Services & Supplies,28700
Tu Liem Urban Environment Service JSC,MTL,,,5900
Medipharco Tenamyd Central Pharmace,MTP,Healthcare,Pharmaceuticals,11900
Vung Tau Environment,MTV,Industrials,Commercial Services & Supplies,16600
Vinacomin Viet Bac Mining Industry Holding,MVB,Energy,"Oil, Gas & Consumable Fuels",18700
Binh Duong Building Materials,MVC,Materials,Construction Materials,8800
Vinhyen Environment,MVY,Industrials,Commercial Services & Supplies,23200
Mobile World Investment Corp,MWG,Services,Retail (Technology),143700
National of General Construction,NAC,,,2900
Nafoods Group JSC,NAF,Consumer Staples,Food Products,29600
NAGAKAWA VIETN,NAG,Consumer Discretionary,Household Durables,7500
Nghe Tinh Port,NAP,Industrials,Transportation Infrastructure,11000
Noi Bai Airport Services,NAS,Industrials,Transportation Infrastructure,32000
Nam Viet JSC,NAV,Materials,Construction Materials,18000
Nghe An Water,NAW,Utilities,Water Utilities,8100
NBB Investment Corp,NBB,Real Estate,Real Estate Management & Development,29000
VNBC,NBC,Energy,"Oil, Gas & Consumable Fuels",12700
North Books Educational,NBE,,,9900
NBTPC,NBP,Utilities,Electric Utilities,13900
Nghiabinh Rail Way,NBR,,,11000
Nha Be Water,NBW,Utilities,Water Utilities,42900
Tkv Campha Thermal,NCP,Utilities,Independent Power and Renewable Electricity Producers,6700
Noi Bai Catering,NCS,Industrials,Commercial Services & Supplies,19800
NoiBai Cargo Terminal Services JSC,NCT,Industrials,Transportation Infrastructure,71000
North Electrictiy No2,ND2,Utilities,Independent Power and Renewable Electricity Producers,28100
Nam Duoc JSC,NDC,Healthcare,Pharmaceuticals,105000
Nam Dinh Export Foodstuff Agri Prod,NDF,Consumer Staples,Food Products,1400
DANANG HOUSING,NDN,Industrials,Construction & Engineering,23000
National Day Pharmaceutic HCM City,NDP,Healthcare,Pharmaceuticals,24400
DA NANG HOUSIN,NDX,Industrials,Construction & Engineering,8300
North-West Electric Invest,NED,Utilities,Independent Power and Renewable Electricity Producers,11800
NETCO,NET,Consumer Staples,Household Products,66000
Ninh Binh Phosphate,NFC,Materials,Chemicals,9500
Ngo Quyen Processing Export JSC,NGC,Consumer Staples,Food Products,7400
Ha Noi South Housing and Urban Development,NHA,Industrials,Construction & Engineering,28500
Nhi Hiep Brick-Tile JSC,NHC,Materials,Construction Materials,34700
Hanoi Plastics,NHH,Basic Materials,Containers & Packaging,57300
NHP Production Import Export JSC,NHP,Materials,Chemicals,700
Nam Hoa Trading,NHT,Consumer Discretionary,Household Durables,35500
Nam Ha Viet Thai,NHV,Industrials,Electrical Equipment,20000
Nam Kim Steel JSC,NKG,Materials,Metals & Mining,33200
Nam Long Investment Corp,NLG,Real Estate,Real Estate Management & Development,38500
Lang Son Water Supply,NLS,Utilities,Water Utilities,6800
Civil Engineering Construction,NMK,Industrials,Construction & Engineering,8500
Nui Nho Stone JSC,NNC,Materials,Construction Materials,26600
Ngoc Nghia Industry,NNG,Materials,Containers & Packaging,11500
Ninh Thuan Water,NNT,Utilities,Water Utilities,30000
Northern Shipping JSC,NOS,Industrials,Marine,1100
PhuThinh NhaBe Garment,NPS,Consumer Discretionary,"Textiles, Apparel & Luxury Goods",26400
Quangninh Clean Water,NQN,Utilities,Water Utilities,13800
Quang Tri Clean Water,NQT,,,8650
Netland Real Estate,NRC,Real Estate,Real Estate Management & Development,20200
Hanoi Water Supply 2,NS2,Utilities,Water Utilities,8600
Ha Noi Water No 3,NS3,Industrials,Commercial Services & Supplies,16500
Vietnam National Seed Group JSC,NSC,Consumer Staples,Food Products,83000
Sai Gon Plastic JSC,NSG,,,8800
Song Hong Aluminum,NSH,Materials,Metals & Mining,8100
Ngan Son JSC,NST,Consumer Staples,Tobacco,7900
PetroVietnam Power Nhon Trach 2 JSC,NT2,Utilities,Electric Utilities,20700
Transport Engineering Construction,NTB,Real Estate,Real Estate Management & Development,700
Nam Tan Uyen,NTC,Real Estate,Real Estate Management & Development,213900
Nuoc Trong Hydro Power JSC,NTH,Utilities,Independent Power and Renewable Electricity Producers,31000
Tu Liem Urban Development JSC,NTL,Real Estate,Real Estate Management & Development,26800
Tien Phong Plastic JSC,NTP,Industrials,Building Products,52500
Nhon Trach Water Supply JSC,NTW,Utilities,Water Utilities,20400
Nha Trang Urban,NUE,Industrials,Commercial Services & Supplies,8800
NAVIBANK,NVB,Financial,Banks,19000
No Va Land Invest,NVL,Real Estate,Real Estate Management & Development,120000
Ninh Van Bay Travel Real Estate,NVT,Real Estate,Real Estate Management & Development,9520
Orient Commercial Joint Stock Bank,OCB,Financial,Banks,30100
OCH.JSC,OCH,Consumer Discretionary,"Hotels, Restaurants & Leisure",8700
Ocean Group JSC,OGC,Financial,Diversified Financial Services,6230
Petrovietnam Oil,OIL,Energy,"Oil, Gas & Consumable Fuels",15400
ONE CORP,ONE,Information Technology,IT Services,6400
One World Services,ONW,,,7500
OPC Pharmaceutical JSC,OPC,Healthcare,Pharmaceuticals,57400
Orient Securities,ORS,Financial,Capital Markets,6300
Dry Cell and Storage Battery,PAC,Consumer Discretionary,Auto Components,37000
PAN Group JSC,PAN,Consumer Staples,Food Products,27900
Petrovietnam Pac,PBP,Materials,Containers & Packaging,10100
Power Construction No 1,PC1,Industrials,Construction & Engineering,26600
Petrolimex Construction 1,PCC,Capital Goods,Construction Services,13500
Central PetroVietnam Fertilizer and,PCE,Materials,Chemicals,13500
Petec Coffee,PCF,,,6400
PVGASCITY,PCG,Energy,"Oil, Gas & Consumable Fuels",10500
DMC Northern Petrolium,PCN,Industrials,Trading Companies & Distributors,4500
CGT,PCT,Energy,"Oil, Gas & Consumable Fuels",6600
Pacific Dinco Corp,PDB,Materials,Construction Materials,10000
PTC,PDC,Consumer Discretionary,"Hotels, Restaurants & Leisure",5000
Dong Nai Port JSC,PDN,Industrials,Transportation Infrastructure,88000
Phat Dat Real Estate Development,PDR,Real Estate,Real Estate Management & Development,95000
Phuong Dong Viet Transport,PDV,Industrials,Air Freight & Logistics,6400
Power Engineering,PEC,Industrials,Professional Services,5100
Petrolimex Installation III,PEN,Energy,Energy Equipment & Services,8000
Petrolimex Equipment,PEQ,,,41000
PetroVietnam General Services Corp,PET,Industrials,Industrial Conglomerates,21400
Petroleum Dong Do,PFL,Real Estate,Real Estate Management & Development,3700
Petrolimex Gas Corp JSC,PGC,Energy,"Oil, Gas & Consumable Fuels",17250
Petrovietnam Low Pressure Gas Distr,PGD,Utilities,Gas Utilities,29500
Petrolimex Insurance Corp,PGI,Financial,Insurance,20550
Plastic Additives JSC,PGN,Materials,Chemicals,15100
Petrovietnam Southern Gas JSC,PGS,Energy,"Oil, Gas & Consumable Fuels",18700
P TAXI SAIGON,PGT,Energy,"Oil, Gas & Consumable Fuels",4400
Power Generation,PGV,Utilities,Electric Utilities,17700
Phuc Hungnstruction,PHC,Industrials,Construction & Engineering,17800
HONGHA VIETNAM,PHH,Industrials,Construction & Engineering,12000
Hanoi Battery,PHN,Industrials,Electrical Equipment,32500
Port of Hai Phong JSC,PHP,Industrials,Transportation Infrastructure,23900
Phuoc Hoa Rubber JSC,PHR,Materials,Chemicals,57000
Petrolimex Infor Tech,PIA,Information Technology,Software,31500
PC3 Investment,PIC,Industrials,Construction & Engineering,10300
Petroleum Interior,PID,Consumer Discretionary,Household Durables,1800
Petrolimex International Trading,PIT,Industrials,Trading Companies & Distributors,5950
PIV,PIV,Services,Real Estate Operations,1500
Petrolimex Hanoi,PJC,Energy,"Oil, Gas & Consumable Fuels",19800
Phu Hoa Tan Water Supply,PJS,Utilities,Water Utilities,13500
Petrolimex Joint Stock Tanker Co,PJT,Energy,"Oil, Gas & Consumable Fuels",12500
Phu Khanh Railway,PKR,,,7100
Petroleum Logistic,PLA,,,6400
Petrolimex Petrochemical JSC,PLC,Materials,Chemicals,27200
Pha Le Plastics,PLP,Materials,Chemicals,10000
Vietnam National Petro,PLX,Energy,"Oil, Gas & Consumable Fuels",56500
North PetroVietnam Fertilizer & Che,PMB,Materials,Chemicals,9800
PHARMEDIC JSC,PMC,Healthcare,Pharmaceuticals,67200
Pymepharco,PME,Healthcare,Pharmaceuticals,84000
Petro Center,PMG,Utilities,Gas Utilities,19000
Posts and Telecom Material,PMJ,Industrials,Trading Companies & Distributors,22000
Dam Phu My Packaging JSC,PMP,Materials,Containers & Packaging,11500
Petroleum Mechanical JSC,PMS,Industrials,Industrial Conglomerates,18300
Telvina Vietnam,PMT,Information Technology,"Electronic Equipment, Instruments & Components",7000
Phuong Nam Cultural Joint Stock,PNC,Industrials,Industrial Conglomerates,9500
Petrovietnam Oil Nam Dinh,PND,,,16300
Phu Nhuan Trading,PNG,Industrials,Industrial Conglomerates,13800
Phu Nhuan Jewelry JSC,PNJ,Consumer Discretionary,"Textiles, Apparel & Luxury Goods",97400
Phu Nhuan Tech,PNT,,,7200
Petrovietnam Oil Thai Binh,POB,,,15100
Pomina Steel Corp,POM,Materials,Metals & Mining,16100
PTSC Offshore,POS,Energy,Energy Equipment & Services,14900
Post&Telecommunication Equipment,POT,Information Technology,Communications Equipment,14400
Vung Ang Petroleum JSC,POV,Energy,"Oil, Gas & Consumable Fuels",8500
Petrovietnam Power,POW,Utilities,Electric Utilities,12150
Pha Lai Thermal Power JSC,PPC,Utilities,Electric Utilities,25100
PetroVietnam Power Eng,PPE,Industrials,Construction & Engineering,13400
Phong Phu,PPH,Consumer Discretionary,"Textiles, Apparel & Luxury Goods",25400
PP PHARCO,PPP,Healthcare,Pharmaceuticals,11800
PV POWER SERVI,PPS,Industrials,Construction & Engineering,9800
PetroVietnam Oil Phu Yen,PPY,Energy,"Oil, Gas & Consumable Fuels",11600
PORTSERCO,PRC,Industrials,Road & Rail,12500
PVI Reinsurance JointStock,PRE,Financial,Insurance,17800
Procimex Vietnam JSC,PRO,Consumer Staples,Food Products,4200
Binh Duong Producing,PRT,Materials,Chemicals,15600
Sao Mai Ben Dinh Petroleum Investme,PSB,Energy,Energy Equipment & Services,6900
Petrolimex Saigon,PSC,Energy,"Oil, Gas & Consumable Fuels",14000
PETROLEUM GENE,PSD,Information Technology,"Electronic Equipment, Instruments & Components",16800
SouthEast Petrovietnam Fertil Chem,PSE,Materials,Chemicals,10200
Sai Gon Petroleum Construct,PSG,Industrials,Construction & Engineering,900
Nam Song Hau Trading Investing Petroleum,PSH,Energy,"Oil, Gas & Consumable Fuels",26600
PSI,PSI,Financial,Capital Markets,10100
Phu Son Livestock JSC,PSL,Consumer Staples,Food Products,26200
PTSC Thanh Hoa Port,PSN,Energy,Energy Equipment & Services,9500
Dinh Vu Petroleum Service Port JSC,PSP,Industrials,Transportation Infrastructure,8100
South West PetroVietnam Fertil Chem,PSW,Industrials,Trading Companies & Distributors,9000
Phu Tai JSC,PTB,Materials,Construction Materials,86000
Post and Telecommunications Invest,PTC,Industrials,Construction & Engineering,12000
Phuc Thinh Design Construction Trad,PTD,Industrials,Construction & Engineering,18000
Phu Tho Cement,PTE,Materials,Construction Materials,2300
Phan Thiet Garment,PTG,Consumer Discretionary,"Textiles, Apparel & Luxury Goods",100
Petrolimex Hatay,PTH,Energy,"Oil, Gas & Consumable Fuels",8600
POST TELECOMMU,PTI,Financial,Insurance,31400
Phu Thinh Metallurgy JSC,PTK,Materials,Metals & Mining,1700
Petro Capital and Infrastructure,PTL,Real Estate,Real Estate Management & Development,5390
Post Telecom Services Construction,PTO,Industrials,Construction & Engineering,2300
Post Printing and Telecom,PTP,Communication Services,Media,15500
Haiphong PTS JSC,PTS,Energy,"Oil, Gas & Consumable Fuels",8700
Indochina Petroleum Transportation,PTT,Energy,"Oil, Gas & Consumable Fuels",4800
PVI INVEST,PV2,Real Estate,Real Estate Management & Development,3500
PetroVietnam Nghe An,PVA,Industrials,Construction & Engineering,900
PetroVietnam Coating JSC,PVB,Energy,Energy Equipment & Services,16700
Petrovietnam Drilling Mud JSC,PVC,Energy,Energy Equipment & Services,12000
PetroVietnam Drilling Well Services,PVD,Energy,Energy Equipment & Services,23000
Petrovietnam Engineering JSC,PVE,Energy,Energy Equipment & Services,2600
PVGAS NORTH,PVG,Energy,"Oil, Gas & Consumable Fuels",9500
Thanh Hoa Petroleum,PVH,,,1200
PVI Holdings,PVI,Financial,Insurance,41500
PETROLEUM REAL,PVL,Real Estate,Real Estate Management & Development,3800
Petrovietnam Machinery Tech,PVM,Industrials,Trading Companies & Distributors,23000
PV Oil Lube,PVO,Energy,"Oil, Gas & Consumable Fuels",7900
Pacific Petroleum Transport,PVP,Energy,Oil Well Services & Equipment,16600
Petrovietnam Premier,PVR,Real Estate,Real Estate Management & Development,1900
Petroleum Technical,PVS,Energy,Energy Equipment & Services,30300
PetroVietnam Transportation Corp,PVT,Energy,Energy Equipment & Services,21250
PVC,PVX,Industrials,Construction & Engineering,1000
PetroVietnam Nghe An Invest,PXA,Industrials,Construction & Engineering,2000
Petroleum Industrial and Civil Cons,PXI,Industrials,Construction & Engineering,3450
Idico Petroleum Trading Constructio,PXL,Industrials,Construction & Engineering,9800
Mientrung Petroleum Construction,PXM,Industrials,Construction & Engineering,600
Petroleum Equipment Assembly,PXS,Energy,Energy Equipment & Services,6860
Petroleum Pipeline Tank Construction JSC,PXT,Energy,Energy Equipment & Services,2200
Quang Binh Import and Export JSC,QBS,Consumer/Non-Cyclical,Personal & Household Prods.,3100
Quangnam Post Telecoms,QCC,Industrials,Construction & Engineering,9200
Quoc Cuong Gia Lai JSC,QCG,Real Estate,Real Estate Management & Development,7520
VIWELCO,QHD,Industrials,Electrical Equipment,36600
Quang Ninh Mineral Water,QHW,Consumer/Non-Cyclical,Food Processing,17500
Inland Waterway No10,QLT,Industrials,Transportation Infrastructure,16700
Quang Ninh Construction and Cement JSC,QNC,Materials,Construction Materials,5300
Quang Ngai Sugar,QNS,Consumer Staples,Food Products,40400
Que Phong Hydropower,QPH,Industrials,Construction & Engineering,24000
Quy Nhon New Port,QSP,Transportation,Misc. Transportation,19900
Q.E.E.J.CO,QST,Consumer Discretionary,Distributors,13500
COTRACO-QNA,QTC,Industrials,Construction & Engineering,14800
Quang Ninh Thermal Power,QTP,Utilities,Independent Power and Renewable Electricity Producers,14200
Rangdong Light source and Vacuum,RAL,Industrials,Electrical Equipment,195900
Railway Transport,RAT,Industrials,Road & Rail,10300
Rubber Industry Import Export,RBC,,,14600
Railway Construction,RCC,Industrials,Industrial Conglomerates,26400
Rubber Real Estate Construction,RCD,Industrials,Construction & Engineering,5100
Cholon Real Estate JSC,RCL,Real Estate,Real Estate Management & Development,16200
RangDong Plastic JSC,RDP,Materials,Chemicals,9700
Refrigeration Electrical Engineerin,REE,Industrials,Industrial Conglomerates,56500
PV Inconess Invest,RGC,Consumer Discretionary,"Hotels, Restaurants & Leisure",14000
Haninh Railway,RHN,,,10000
Royal International Corp,RIC,Consumer Discretionary,"Hotels, Restaurants & Leisure",18750
Faros Construction,ROS,Capital Goods,Construction Services,6700
Tan Bien Rubber,RTB,Materials,Chemicals,15000
Thanh Hoa Railway,RTH,,,9000
Song Da No 12,S12,Industrials,Construction & Engineering,700
Song Da 27 JSC,S27,Industrials,Construction & Engineering,1700
Sesan 4A Hydroelectric,S4A,Utilities,Independent Power and Renewable Electricity Producers,26500
Song Da 505 JSC,S55,Industrials,Construction & Engineering,34000
Song Da 702 Hydroelectric,S72,,,6200
Song Da 7.04 JSC,S74,Industrials,Construction & Engineering,5200
Song Da No 9.06,S96,Industrials,Construction & Engineering,800
Song Da 909 JSC,S99,Industrials,Construction & Engineering,21100
Saigon Beer Alcohol Beverage,SAB,Consumer Staples,Beverages,171900
Sai Gon Port Stevedoring,SAC,,,11000
Safoco Foodstuff JSC,SAF,Consumer Staples,Food Products,51100
Viet Nam Salvage,SAL,,,8609
Sacom Development and Investment,SAM,Industrials,Electrical Equipment,10350
Textbook Printing,SAP,Industrials,Commercial Services & Supplies,9000
Southern Airports Services JSC,SAS,Industrials,Transportation Infrastructure,26300
Savimex Corp,SAV,Consumer Discretionary,Household Durables,27900
Saigon Nghetinh Beer,SB1,Consumer Staples,Beverages,9100
Song Ba JSC,SBA,Utilities,Independent Power and Renewable Electricity Producers,16000
SaoBacDau Tech,SBD,Information Technology,IT Services,10000
Saigon-Baclieu Beer,SBL,Consumer/Non-Cyclical,Beverages (Alcoholic),10600
Bac Minh Develop,SBM,Utilities,Electric Utilities,28500
Sacombank Securities JSC,SBS,Financial,Capital Markets,14100
Thanh Thanh Cong Tay Ninh,SBT,Consumer Staples,Food Products,20900
Siam Brothers Vietnam,SBV,Consumer Discretionary,"Textiles, Apparel & Luxury Goods",14500
Construction JSC No5,SC5,Industrials,Construction & Engineering,21850
Hoa Binh Province Hung Long Trading,SCC,Materials,Construction Materials,4100
Chuong Duong Beverages JSC,SCD,Consumer Staples,Beverages,20200
Songda 9 Construction and Investmen,SCI,Industrials,Construction & Engineering,39900
SONGDA CAO CUO,SCL,Materials,Construction Materials,2300
Seaproducts Mechanical,SCO,Industrials,Machinery,7200
Saigon Thuong Tin Real Estate JSC,SCR,Real Estate,Real Estate Management & Development,11150
Sai Gon Cargo,SCS,Industrials,Air Freight & Logistics,142000
Song Da No. 2 JSC,SD2,Industrials,Construction & Engineering,6100
Song Da 3 JSC,SD3,Industrials,Construction & Engineering,4300
SONG DA 4,SD4,Industrials,Construction & Engineering,5000
Song Da No. 5 JSC,SD5,Industrials,Construction & Engineering,9700
Song Da N0. 6 JSC,SD6,Industrials,Construction & Engineering,4500
Song Da 7,SD7,Industrials,Construction & Engineering,4200
Song Da 8,SD8,Industrials,Construction & Engineering,1900
Song Da No. 9 JSC,SD9,Industrials,Construction & Engineering,8000
Song Da Manpower Supply&Trading JSC,SDA,Industrials,Commercial Services & Supplies,4800
Song Da 207,SDB,Industrials,Construction & Engineering,1500
Song Da Consulting JSC,SDC,Industrials,Construction & Engineering,8100
Song Da Electrical,SDE,Capital Goods,Construction Services,2200
SADICO CAN THO,SDG,Materials,Containers & Packaging,31500
Song Da Infrastructure,SDH,Industrials,Construction & Engineering,800
Saidong Urban Development Invest,SDI,Real Estate,Real Estate Management & Development,115000
Song Da No 25 JSC,SDJ,Industrials,Construction & Engineering,3300
Mechanical Engineering Metallurgy,SDK,Materials,Metals & Mining,28500
Dong Nai Paint Corporation,SDN,Materials,Chemicals,30500
Petro Song Da Trading,SDP,Materials,Construction Materials,2400
Song Da N0 10. JSC,SDT,Industrials,Construction & Engineering,6100
"SURICOD.,JSC",SDU,Industrials,Construction & Engineering,9000
Sonadezi Services,SDV,Industrials,Commercial Services & Supplies,28400
Viet Nam Seaproducts,SEA,Consumer Staples,Food Products,26000
MIEN TRUNG PID,SEB,Utilities,Independent Power and Renewable Electricity Producers,40000
EDID,SED,Communication Services,Media,17300
Saigon Fuel JSC,SFC,Consumer Discretionary,Specialty Retail,27300
Southern Fertilizer JSC,SFG,Materials,Chemicals,10200
Sea & Air Freight International,SFI,Industrials,Air Freight & Logistics,37850
Saigon Fishing Net JSC,SFN,Consumer Discretionary,"Textiles, Apparel & Luxury Goods",22900
Sagiang Import&Export Corporation,SGC,Consumer Staples,Food Products,57200
Educational Book In Ho Chi Minh,SGD,Services,Printing & Publishing,9600
Saigon Hotel JSC,SGH,Consumer Discretionary,"Hotels, Restaurants & Leisure",40900
Sai Gon Ground,SGN,Industrials,Transportation Infrastructure,69400
Sai Gon Vegetable Oil JSC,SGO,Consumer Staples,Food Products,300
Saigon Port,SGP,Industrials,Transportation Infrastructure,23600
Saigon Real Estate,SGR,Real Estate,Real Estate Management & Development,24900
Saigon Shipping,SGS,Industrials,Marine,16800
Saigon Telecommunication & Tech,SGT,Communication Services,Diversified Telecommunication Services,19000
Son Ha Sai Gon,SHA,Industrials,Machinery,6470
SHB,SHB,Financial,Regional Banks,27100
Saigon Maritime,SHC,Industrials,Marine,11000
Son Ha Develop,SHE,Materials,Metals & Mining,17200
Son Ha International Corp,SHI,Industrials,Building Products,25600
HANIC,SHN,Financial,Diversified Financial Services,13200
Southern Hydropower JSC,SHP,Utilities,Independent Power and Renewable Electricity Producers,21400
SHS,SHS,Financial,Investment Services,43400
Saigon Train,SHX,Industrials,Air Freight & Logistics,12000
Song Da Investment Development JSC,SIC,Industrials,Construction & Engineering,19500
Saigon Co.op,SID,Real Estate,Real Estate Management & Development,13100
Sai Gon Water Infrastructure Corp,SII,Utilities,Water Utilities,17300
Sivico,SIV,Materials,Chemicals,48500
Seafood JSC No 1,SJ1,Consumer Staples,Food Products,17900
Song Da 1.01 JSC,SJC,Real Estate,Real Estate Management & Development,1400
Can Don Hydro Power JSC,SJD,Utilities,Independent Power and Renewable Electricity Producers,17500
Song Da N011 JSC,SJE,Industrials,Construction & Engineering,18500
Sunstar Investment,SJF,Consumer Staples,Food Products,3940
Song Da,SJG,Industrials,Construction & Engineering,11000
Song Da 19,SJM,Industrials,Construction & Engineering,3800
Song Da Urban & Industrial Zone Inv,SJS,Real Estate,Real Estate Management & Development,58000
Superdong Fast Ferry Kien Giang JSC,SKG,Industrials,Marine,11500
Khanh Hoa Sanest,SKH,,,23300
Khanh Hoa Salanganes,SKV,Consumer/Non-Cyclical,Food Processing,25700
SON LA SUGAR,SLS,Consumer Staples,Food Products,128500
Saigon Machinery Spare Parts JSC,SMA,Industrials,Trading Companies & Distributors,8690
Sai Gon Mien Trung Beer,SMB,Consumer Staples,Beverages,42000
SMC Investment Trading JSC,SMC,Materials,Metals & Mining,37900
South Books Educational Equipment,SMN,Communication Services,Media,10600
SMT,SMT,Information Technology,Communications Equipment,7800
Nam Can Seaproducts Import Export,SNC,Consumer Staples,Food & Staples Retailing,17700
Sonadezi,SNZ,Industrials,Construction & Engineering,28700
Manpower Supply,SON,Industrials,Professional Services,4300
Supan 2 Hydropower,SP2,,,10000
Sai Gon Packaging,SPA,,,15100
Phu Bai Spinning Mill,SPB,Consumer Discretionary,"Textiles, Apparel & Luxury Goods",19500
Saigon Plant Protection JSC,SPC,Materials,Chemicals,21000
DaNang Seaproducts,SPD,Consumer Staples,Food Products,9400
Hanoi Seaproducts Import Export,SPH,Consumer Staples,Food Products,22100
SPILIT STONE,SPI,Materials,Construction Materials,17100
SPM Corp,SPM,Healthcare,Pharmaceuticals,13800
Sai Gon Plastic Packaging JSC,SPP,Materials,Containers & Packaging,400
Special Aquatic,SPV,Consumer Staples,Food Products,14600
Sai Gon Quy Nhon,SQC,Materials,Metals & Mining,82000
"SARA., JSC",SRA,Information Technology,IT Services,8300
Sara Group,SRB,Consumer Discretionary,Diversified Consumer Services,3000
Sao Vang Rubber JSC,SRC,Consumer Discretionary,Auto Components,19400
Seaprodex Refrigeration Industry,SRF,Industrials,Machinery,12500
Sai Gon Railway,SRT,Industrials,Road & Rail,4400
Southern Seed Corp,SSC,Consumer Staples,Food Products,46000
SaiGon Shoes JSC,SSF,Consumer Cyclical,Footwear,2700
Saigon Securities Incorporation,SSI,Financial,Capital Markets,53700
VNECO.SSM,SSM,Industrials,Construction & Engineering,7000
Saigon Seaproducts,SSN,Consumer Staples,Food Products,7200
Sieu Thanh JSC,ST8,Industrials,Commercial Services & Supplies,11200
Sai Gon Thuong Tin Commercial,STB,Financial,Regional Banks,29500
Book And Educational Equipment JSC,STC,Industrials,Commercial Services & Supplies,18100
South Logistics JSC,STG,Industrials,Air Freight & Logistics,17900
Century Synthetic Fiber Corp,STK,Consumer Discretionary,"Textiles, Apparel & Luxury Goods",39950
Song Da Thang Long JSC,STL,Real Estate,Real Estate Management & Development,1300
Song Da Industry Trade JSC,STP,Materials,Containers & Packaging,8000
Saigon Transport Agency,STS,Industrials,Air Freight & Logistics,34500
Saigontourist,STT,Consumer Discretionary,"Hotels, Restaurants & Leisure",3500
Viet Nam Stone Work Top Fabrication,STV,Industrials,Building Products,9500
Saigon General Service Corp,SVC,Consumer Discretionary,Distributors,68600
Vu Dang Investment Trading JSC,SVD,Consumer Discretionary,"Textiles, Apparel & Luxury Goods",9430
Industrial Gas Welding Electrode,SVG,Materials,Chemicals,8500
Bien Hoa Packaging Co,SVI,Materials,Containers & Packaging,76700
Solavina JSC,SVN,Consumer Staples,Food Products,4200
Saigon Viendong Tech,SVT,Consumer Discretionary,Diversified Consumer Services,16600
Southern Waterborne,SWC,Industrials,Marine,25800
Sonadezi Long Binh Share Holding Co,SZB,Real Estate,Real Estate Management & Development,35500
Sonadezi Chau Duc,SZC,Industrials,Construction & Engineering,38200
Sonadezi Environment,SZE,Transportation,Trucking,13700
Sonadezi Long Thanh Shareholding Co,SZL,Real Estate,Real Estate Management & Development,53200
Thanh An 665 Invest,TA6,Capital Goods,Construction Services,7800
Thanh An 96 Installation,TA9,Industrials,Construction & Engineering,11000
Tuong An Vegetable Oil JSC,TAC,Consumer Staples,Food Products,59800
Tran Anh Digital,TAG,Consumer Discretionary,Specialty Retail,33000
Trung An Hi-Tech,TAR,Consumer Staples,Food Products,17900
Trung An Water Supply,TAW,,,23800
Thac Ba Hydropower JSC,TBC,Utilities,Independent Power and Renewable Electricity Producers,27200
Dong Anh Electrical Equipment Manuf,TBD,Industrials,Electrical Equipment,60000
Bentre Transportation,TBT,Materials,Construction Materials,7400
TBX,TBX,Materials,Construction Materials,22300
VCSC,TC6,Energy,Coal,5900
Techcombank,TCB,Financial,Banks,51600
Transport and Industry,TCD,Industrials,Construction & Engineering,13500
Hoang Huy Investment,TCH,Industrials,Machinery,22050
Tan Cang Logistics and Stevedoring,TCL,Industrials,Transportation Infrastructure,37800
Thanh Cong Textile Garment Invest,TCM,Consumer Discretionary,"Textiles, Apparel & Luxury Goods",91300
Duyen Hai Multi Modal Transport JSC,TCO,Industrials,Air Freight & Logistics,12000
Taicera Enterprise Co,TCR,Industrials,Building Products,4000
VCASC,TCS,Energy,"Oil, Gas & Consumable Fuels",7900
Tay Ninh Cable Car Tour Co.,TCT,Consumer Discretionary,"Hotels, Restaurants & Leisure",28000
Tan Cang Warehousing,TCW,Transportation,Misc. Transportation,32000
Dinh Binh Hydro,TDB,Utilities,Independent Power and Renewable Electricity Producers,35800
Binh Duong Trade and Development,TDC,Real Estate,Real Estate Management & Development,19450
Thai Duong Petrol,TDG,Energy,"Oil, Gas & Consumable Fuels",4250
Thu Duc Housing Development Corp,TDH,Real Estate,Real Estate Management & Development,7740
Thu Dau Mot Water,TDM,Utilities,Water Utilities,28200
VDNC,TDN,Energy,"Oil, Gas & Consumable Fuels",9100
Thuan Duc JSC,TDP,Materials,Containers & Packaging,27300
Thu Duc Steel,TDS,Materials,Metals & Mining,16500
TDT Invest,TDT,Consumer Discretionary,"Textiles, Apparel & Luxury Goods",12000
Thu Duc Water Supply JSC,TDW,Utilities,Water Utilities,33850
TECGROUP,TEG,Real Estate,Real Estate Management & Development,15900
Telecommunication Project,TEL,Communication Services,Diversified Telecommunication Services,14000
TEXTACO,TET,Consumer Discretionary,"Textiles, Apparel & Luxury Goods",26700
TRANGCORP Corporation JSC,TFC,Consumer Staples,Food Products,8600
Truong Giang Invest,TGG,Industrials,Construction & Engineering,7900
Truong Phu JSC,TGP,Industrials,Electrical Equipment,5200
National Export Import 1,TH1,Consumer Discretionary,Distributors,4600
THB,THB,Consumer Staples,Beverages,9000
Thaiholdings JSC,THD,Industrials,Construction & Engineering,200100
Tien Giang Investment Construction,THG,Materials,Construction Materials,81900
Electrical Equipment,THI,Technology,Electronic Instr. & Controls,28500
Song Da Thanh Hoa JSC,THS,Consumer Discretionary,Distributors,19300
VHTC,THT,Energy,"Oil, Gas & Consumable Fuels",10300
Tan Hoa Water Supply,THW,,,17200
Telecommunications Industry Electro,TIE,Information Technology,"Electronic Equipment, Instruments & Components",6840
THANGLONG INVE,TIG,Real Estate,Real Estate Management & Development,14500
Tin Nghia Industrial,TIP,Industrials,Construction & Engineering,44900
Thai Nguyen Iron,TIS,Materials,Metals & Mining,11400
Tan Binh Import Export JSC,TIX,Real Estate,Real Estate Management & Development,33500
Transportation&Trading Services JSC,TJC,Industrials,Marine,10300
TAKCO,TKC,Industrials,Construction & Engineering,11600
Tung Kuang Industrial JSC,TKU,Materials,Metals & Mining,19500
Hydraulics Construction No4,TL4,Industrials,Construction & Engineering,9300
Thang Long Urban,TLD,Materials,Paper & Forest Products,6200
Thien Long Group Corp,TLG,Industrials,Commercial Services & Supplies,38100
Tienlen Steel Corp JSC,TLH,Materials,Metals & Mining,17100
ThanhLe General,TLP,Energy,Oil & Gas Operations,10500
Viglacera Thang Long JSC,TLT,Industrials,Building Products,14700
Vinacomin Northern Coal,TMB,Industrials,Trading Companies & Distributors,14500
Thu Duc Trading&Import Export JSC,TMC,Industrials,Trading Companies & Distributors,11000
Vimico Thai Nguyen,TMG,Materials,Metals & Mining,39000
Thac Mo Hydropower JSC,TMP,Utilities,Independent Power and Renewable Electricity Producers,40900
Transimex Saigon Corp,TMS,Industrials,Air Freight & Logistics,52500
TMT Motor JSC,TMT,Consumer Discretionary,Automobiles,8980
Tan Mai General Wood,TMW,Materials,Paper & Forest Products,15300
"CEMENT.T., JSC",TMX,Materials,Construction Materials,11100
TNS Holdings,TN1,Real Estate,Real Estate Management & Development,55400
Thien Nam Trading Import Export,TNA,Industrials,Trading Companies & Distributors,12350
Nha Be Steel JSC,TNB,Materials,Metals & Mining,20200
Thong Nhat Rubber JSC,TNC,Consumer Discretionary,Auto Components,30000
Tay Nam Da Mai Coal Vinacomin,TND,Energy,"Oil, Gas & Consumable Fuels",7600
Tng Investment And Trading JSC,TNG,Consumer Discretionary,"Textiles, Apparel & Luxury Goods",23100
Thai Nguyen International Hospital JSC,TNH,Healthcare,Health Care Providers & Services,28350
Thanh Nam,TNI,Industrials,Trading Companies & Distributors,3920
Tranimexco Transportation Import,TNM,Industrials,Construction & Engineering,2500
Thi Nai Port,TNP,Industrials,Transportation Infrastructure,10000
Thongnhat Flat,TNS,,,5800
Tai Nguyen Corp,TNT,Materials,Metals & Mining,9100
Thai Nguyen Water,TNW,,,12400
Top One Allot,TOP,Consumer Discretionary,Distributors,1400
Transimex,TOT,,,8500
Tien Phong Commercial,TPB,Financial,Banks,35900
Tan Dai Hung Plastic JSC,TPC,Materials,Containers & Packaging,9510
Hanoi Textbooks Printing JSC,TPH,Industrials,Commercial Services & Supplies,11200
TAPLAST,TPP,Materials,Containers & Packaging,11500
Sai Gon Transport,TPS,Transportation,Misc. Transportation,30500
Quang Ninh Pine,TQN,,,32600
Traphaco JSC,TRA,Healthcare,Pharmaceuticals,73100
Tay Ninh Rubber JSC,TRC,Materials,Chemicals,39250
Tracimexco Supply Chains,TRS,Industrials,Air Freight & Logistics,50000
Truc Thon,TRT,Industrials,Building Products,10000
Seafood JSC No 4,TS4,Consumer Staples,Food Products,3630
TIBACO,TSB,Industrials,Electrical Equipment,9000
Techno Agricultural Supplying JSC,TSC,Industrials,Trading Companies & Distributors,11600
Ha Noi Tourist,TSJ,Consumer Discretionary,"Hotels, Restaurants & Leisure",24000
Telecommunication Technical Service,TST,Information Technology,Communications Equipment,9400
Truong Thanh Development and Construction,TTA,Utilities,Electric Utilities,14950
Tien Bo,TTB,Materials,Construction Materials,6350
Thanh Thanh JSC,TTC,Industrials,Building Products,13900
Tam Duc Cardiology,TTD,Healthcare,Healthcare Facilities,50000
TRUONG THINH ENERGY,TTE,Utilities,Electric Utilities,8730
Truong Thanh Furniture Corp,TTF,Consumer Discretionary,Household Durables,7720
Thanh Tri Garment,TTG,Consumer Discretionary,"Textiles, Apparel & Luxury Goods",5300
Tien Thanh Service,TTH,Industrials,Trading Companies & Distributors,3400
Thuy Ta,TTJ,Consumer Discretionary,"Hotels, Restaurants & Leisure",27000
Thang Long,TTL,Industrials,Construction & Engineering,7600
Viet Nam Technology,TTN,Services,Communications Services,12400
Tan Tien Plastic,TTP,Materials,Containers & Packaging,53000
Thai Trung Steel,TTS,Materials,Metals & Mining,11900
Tay Ninh Tourist,TTT,Consumer Discretionary,"Hotels, Restaurants & Leisure",50900
TIEN TRUNG INV,TTZ,Materials,Construction Materials,3100
Haiphong Port Tugboat,TUG,Energy,"Oil, Gas & Consumable Fuels",16500
Power Engineering 1,TV1,Industrials,Construction & Engineering,8000
Power Engineering,TV2,Industrials,Construction & Engineering,57500
PECC3,TV3,Industrials,Construction & Engineering,21300
PECC4,TV4,Capital Goods,Construction Services,14800
Viglacera Thanh Tri,TVA,Industrials,Building Products,15100
Tri Viet Securities,TVB,Financial,Capital Markets,15400
Tri Viet Management Investment Corp,TVC,Industrials,Professional Services,16300
TVD,TVD,Energy,"Oil, Gas & Consumable Fuels",8600
Vinacomin Industry Investment,TVM,Energy,Coal,8300
Viet Nam Steel,TVN,Materials,Metals & Mining,15200
TV Pharm,TVP,Healthcare,Pharmaceuticals,34000
Thien Viet Securities JSC,TVS,Financial,Capital Markets,24600
Viet Thang,TVT,Consumer Discretionary,"Textiles, Apparel & Luxury Goods",24900
Tra Vinh Urban,TVU,,,12800
Central Pharmaceutical N3,TW3,Healthcare,Pharmaceuticals,11500
Gypsum And Cement JSC,TXM,Industrials,Trading Companies & Distributors,5400
Taya Vietnam Electric Wire and Cabl,TYA,Industrials,Electrical Equipment,15350
Urban Development and Construction,UDC,Industrials,Construction & Engineering,6290
Becamex Urban Development JSC,UDJ,Capital Goods,Construction - Raw Materials,11600
Idico Urban and House Development,UIC,Utilities,Electric Utilities,47200
Vien Lien Joint - Stock Co.,UNI,Information Technology,Communications Equipment,14500
Vung Tau Urban and Parks,UPC,,,19200
No 25 Central Pharma,UPH,Healthcare,Pharmaceuticals,14900
Union of Survey,USC,,,7000
Vietnam Construction JSC No 11,V11,Industrials,Construction & Engineering,800
VINACONEX 12,V12,Industrials,Construction & Engineering,14000
Vinaconex No15,V15,Industrials,Construction & Engineering,600
VINACONEX 21,V21,Industrials,Construction & Engineering,5400
Van Dien Fused Magnesium Phosphate,VAF,Materials,Chemicals,10350
VATEL,VAT,Industrials,Construction & Engineering,2400
Viwaco,VAV,Utilities,Water Utilities,54000
VBC,VBC,Materials,Containers & Packaging,19500
Viettronics Binh Hoa,VBH,Information Technology,"Electronic Equipment, Instruments & Components",10600
VINACONEX 1,VC1,Industrials,Construction & Engineering,12100
Viet Nam Construction JSC No. 2,VC2,Industrials,Construction & Engineering,18500
Vietnam Construction JSC No. 3,VC3,Industrials,Construction & Engineering,20300
VINACONEX NO 5,VC5,Industrials,Construction & Engineering,1500
VINACONEX 6,VC6,Industrials,Construction & Engineering,8100
VINACONEX NO7,VC7,Industrials,Construction & Engineering,14800
VINACONEX 9 JS,VC9,Industrials,Construction & Engineering,7000
Vnsteel Vicasa JSC,VCA,Materials,Metals & Mining,13550
Vietcombank,VCB,Financial,Banks,111440
VINACONEX 25,VCC,Capital Goods,Construction Services,14200
Vinacafe Bien Hoa JSC,VCF,Consumer Staples,Food Products,240100
VINACONEX,VCG,Industrials,Construction & Engineering,49400
Viet Capital,VCI,Financial,Capital Markets,50000
VINACONEX MEC,VCM,Industrials,Professional Services,16800
Vinaconex Power Development,VCP,Industrials,Professional Services,37000
VINACONEX ITC,VCR,Real Estate,Real Estate Management & Development,8200
Advanced Compound Stone JSC,VCS,Materials,Construction Materials,110000
Vinaconexs Construction,VCT,Industrials,Construction & Engineering,3400
Vinaconex Water Supply JSC,VCW,Consumer Staples,Beverages,45000
YenBinh Cement,VCX,Materials,Construction Materials,7700
Lam Dong Foodstuff JSC,VDL,Consumer/Non-Cyclical,Beverages (Alcoholic),21900
Vinatex DaNang,VDN,Consumer Discretionary,"Textiles, Apparel & Luxury Goods",16000
Vidipha Central Pharma,VDP,Healthcare,Pharmaceuticals,37000
Viet Dragon,VDS,Financial,Investment Services,25600
Binh Tay Steel Wire Netting,VDT,Materials,Metals & Mining,22000
VNECO1,VE1,Industrials,Construction & Engineering,4300
VNECO2,VE2,Industrials,Construction & Engineering,11300
VNECO 3,VE3,Industrials,Construction & Engineering,9500
VNECO4 Electricity,VE4,Capital Goods,Construction Services,22100
VNECO 8 ELECTR,VE8,Industrials,Construction & Engineering,8900
Vneco9 Investment Construction JSC,VE9,Industrials,Construction & Engineering,1200
Engine Agricultural Machinery,VEA,Industrials,Machinery,48900
Vietnam Electronics Informatics,VEC,Information Technology,"Electronic Equipment, Instruments & Components",10000
Campha Electrical,VEE,Industrials,Electrical Equipment,10000
Vietnam Exhibition Fair Centre JSC,VEF,Services,Business Services,130300
Meca Vneco Investment Electricity,VES,Industrials,Construction & Engineering,3100
Navetco National Veterinary,VET,Healthcare,Pharmaceuticals,82400
Vinafco JSC,VFC,Industrials,Air Freight & Logistics,18500
Viet Nam Fumigation JSC,VFG,Materials,Chemicals,56500
Transport Chartering,VFR,Industrials,Marine,4700
Viglacera,VGC,Industrials,Building Products,30000
VietTien Garment,VGG,Consumer Discretionary,"Textiles, Apparel & Luxury Goods",43000
Viettel,VGI,Communication Services,Wireless Telecommunication Services,33400
Vegetable Port JSC,VGP,Industrials,Transportation Infrastructure,48400
VIP Greenport,VGR,Industrials,Transportation Infrastructure,34800
VGS,VGS,Materials,Metals & Mining,18900
Vietnam National Textile,VGT,Consumer Discretionary,"Textiles, Apparel & Luxury Goods",19100
Vietnam National Construction,VGV,Industrials,Construction & Engineering,11400
Vinh Hoan Corp,VHC,Consumer Staples,Food Products,43600
Vinaconex Urban Housing,VHD,Industrials,Construction & Engineering,10100
Viet Nam Herbs,VHE,Consumer Staples,Food Products,12000
Vinh Ha Food,VHF,Consumer/Non-Cyclical,Food Processing,12790
Quang Nam Rubber,VHG,Materials,Chemicals,700
Thanh Dat Investment,VHH,Industrials,Construction & Engineering,4500
VIGLACERA HALO,VHL,Materials,Construction Materials,24500
Vinhomes,VHM,Real Estate,Real Estate Management & Development,112100
Viet Nam International Commercial Joint Stock Bank,VIB,Financial,Banks,50000
Vingroup JSC,VIC,Capital Goods,Construction Services,117500
Vien Dong Investment Development,VID,Materials,Paper & Forest Products,11800
VITECO VIETNAM,VIE,Information Technology,Communications Equipment,8000
Viet Nam Forestry,VIF,Materials,Paper & Forest Products,16300
VICS,VIG,Financial,Capital Markets,5600
Viglacera Ha Noi,VIH,Materials,Construction Materials,12800
Viglacera Mineral,VIM,,,22700
Vietnam Foreign Trade,VIN,Industrials,Air Freight & Logistics,14000
Vietnam Petroleum Transport JSC,VIP,Industrials,Marine,9700
Vung Tau Intourco,VIR,Consumer Discretionary,"Hotels, Restaurants & Leisure",9400
Viet Nam Italy Steel JSC,VIS,Materials,Metals & Mining,17900
VIT,VIT,Materials,Construction Materials,13600
Vietnam Water,VIW,Industrials,Construction & Engineering,11000
VIX Securities JSC,VIX,Financial,Capital Markets,29600
Vietjet Aviation,VJC,Transportation,Airline,115900
VKC,VKC,Industrials,Electrical Equipment,8100
Khanh Hoa Mineral Water,VKD,Consumer Staples,Beverages,75000
Viky Plastic JSC,VKP,Materials,Containers & Packaging,300
VLA,VLA,Information Technology,IT Services,13700
Bien Hoa Building Materials,VLB,Materials,Construction Materials,43000
Vietnam Livestock,VLC,Consumer Staples,Food Products,31400
Vinh Long Cereal and Food Corp,VLF,Consumer Staples,Food Products,1400
Vinalines Logistics Viet Nam,VLG,Transportation,Misc. Transportation,5700
Vinh Long Public,VLP,Industrials,Commercial Services & Supplies,1400
Vinh Long Water,VLW,Utilities,Water Utilities,17300
Vinacomin Motor,VMA,Consumer Cyclical,Auto & Truck Manufacturers,8100
Machinery Erection&Construction JSC,VMC,Industrials,Construction & Engineering,10800
Vimedimex Medi Pharma JSC,VMD,Healthcare,Health Care Providers & Services,26550
Vung Tau Petroleum,VMG,Energy,"Oil, Gas & Consumable Fuels",7200
Visaco Mineral and Investment JSC,VMI,Industrials,Construction & Engineering,600
Vietnam Maritime Development JSC,VMS,Industrials,Transportation Infrastructure,11200
Vinaship,VNA,Industrials,Marine,14500
Viet Nam Books,VNB,Services,Printing & Publishing,17700
Vietnam Superintendence&Inspection,VNC,Industrials,Professional Services,32700
VNDIRECT Securities,VND,Financial,Capital Markets,45000
Vietnam Electricity Construction,VNE,Industrials,Construction & Engineering,7730
VINAFREIGHT,VNF,Industrials,Air Freight & Logistics,12900
Thanh Thanh Cong Tourist JSC,VNG,Consumer Discretionary,"Hotels, Restaurants & Leisure",13250
Viet Nhat Seafood,VNH,Consumer Staples,Food Products,4900
Viet Nam Land Invest,VNI,Real Estate,Real Estate Management & Development,10000
Vinalink International Freight Forw,VNL,Industrials,Air Freight & Logistics,19100
Vinamilk,VNM,Consumer Staples,Food Products,89700
Viet Nam Plastic Corp,VNP,Materials,Containers & Packaging,14700
Vietnam National Reinsurance,VNR,Financial,Insurance,29400
Vietnam Sun Corp,VNS,Industrials,Road & Rail,9580
VAN CARGOES,VNT,Industrials,Air Freight & Logistics,60100
Viet Nam Vegetable Oils,VOC,Consumer Staples,Food Products,27100
Vietnam Ocean Shipping JSC,VOS,Industrials,Marine,8420
VP Petrochemical,VPA,Transportation,Water Transportation,4300
Vietnam Prosperity,VPB,Financial,Banks,68200
Viet Nam Power Investment,VPC,Utilities,Electric Utilities,2100
Viet Nam Power,VPD,Utilities,Independent Power and Renewable Electricity Producers,14350
Viet Phat Import Export,VPG,Industrials,Trading Companies & Distributors,36800
Van Phat Hung Corp,VPH,Real Estate,Real Estate Management & Development,5270
Van Phu,VPI,Real Estate,Real Estate Management & Development,35050
Vegetable Oil Packing JSC,VPK,Materials,Containers & Packaging,2300
Vina Printing and Trading,VPR,Industrials,Commercial Services & Supplies,17500
Vietnam Pesticide JSC,VPS,Materials,Chemicals,15400
Vinacomin Quacontrol,VQC,Industrials,Commercial Services & Supplies,18400
Vung Tau Real Estate Constructiion,VRC,Industrials,Construction & Engineering,8200
Vincom Retail,VRE,Real Estate,Real Estate Management & Development,31600
Viet Nam Rubber,VRG,Industrials,Trading Companies & Distributors,24900
Vietnam Ocean Shipping Agency Corp,VSA,Industrials,Marine,33000
Vietnam Container Shipping,VSC,Industrials,Marine,59500
South Vietnam Container Shipping,VSG,Industrials,Marine,1900
Vinh Son Song Hinh Hydropower JSC,VSH,Utilities,Independent Power and Renewable Electricity Producers,21550
Water Supply Sewerage Construction,VSI,Industrials,Construction & Engineering,18200
Central Container,VSM,Industrials,Transportation Infrastructure,17600
Vissan,VSN,Consumer Staples,Food Products,26500
Viet Hai Shipping Real Properties,VSP,Industrials,Marine,1100
Vietnam Sea Transport and Charterin,VST,Industrials,Marine,1300
Ben Thanh Material,VT1,Industrials,Trading Companies & Distributors,29000
Transport Service No 8 JSC,VT8,Industrials,Road & Rail,25800
Vitaly JSC,VTA,Consumer Discretionary,Household Durables,7100
Viettronics Tan Binh JSC,VTB,Consumer Discretionary,Household Durables,12300
VTC Telecommunications JSC,VTC,Information Technology,Communications Equipment,11200
Vietourist Travel JSC,VTD,,,0
Vinacap Telecom,VTE,Information Technology,Communications Equipment,7000
Ba Ria Vung Tau,VTG,Consumer Discretionary,"Hotels, Restaurants & Leisure",9300
Viet Thai Electric,VTH,Industrials,Electrical Equipment,11600
Textile Garment Import Export,VTI,Consumer Cyclical,Apparel/Accessories,2100
Vi Na Ta Ba Trading,VTJ,Industrials,Trading Companies & Distributors,4300
Thanglong JSC,VTL,Consumer Staples,Beverages,11100
Vietnam Tanker JSC,VTO,Industrials,Marine,10600
Tu Son Brick Tile JSC,VTS,Materials,Construction Materials,10500
Materials Transport Cement JSC,VTV,Capital Goods,Construction - Raw Materials,6700
Multi Modal Transport Holding Co,VTX,Industrials,Road & Rail,14500
Vietnam Industrial,VVN,Industrials,Construction & Engineering,6900
Vietnam Water Sanitation,VWS,,,14600
VXB,VXB,Materials,Construction Materials,8900
BXMT,WCS,Industrials,Road & Rail,185000
Western Sai Gon Beer JSC,WSB,Consumer Staples,Beverages,49900
WSS,WSS,Financial,Capital Markets,9100
X18 Cement,X18,Materials,Construction Materials,3900
X20,X20,Consumer Discretionary,"Textiles, Apparel & Luxury Goods",9500
26 JSC,X26,,,16200
Thanh An 77,X77,,,300
Xuan Hoa Vietnam,XHC,Industrials,Commercial Services & Supplies,24000
Hanoi Soap JSC,XPH,Materials,Chemicals,9800
Yenbai Cement,YBC,Materials,Construction Materials,11900
Yen Bai Industry,YBM,Materials,Construction Materials,7190
YEAH1 Gr,YEG,Communication Services,Entertainment,21000
Yen Lao Railway,YRC,Transportation,Misc. Transportation,6300
Ho Chi Minh City Medical,YTC,Healthcare,Medical Equipment & Supplies,61000